x,y,u_exact,u_approx
0,0,1,1
0,0.02,0.99005,0.987325
0,0.04,0.980199,0.97481
0,0.06,0.970446,0.962454
0,0.08,0.960789,0.950254
0,0.1,0.951229,0.93821
0,0.12,0.941765,0.926317
0,0.14,0.932394,0.914576
0,0.16,0.923116,0.902983
0,0.18,0.913931,0.891538
0,0.2,0.904837,0.880237
0,0.22,0.895834,0.86908
0,0.24,0.88692,0.858064
0,0.26,0.878095,0.847188
0,0.28,0.869358,0.836449
0,0.3,0.860708,0.825847
0,0.32,0.852144,0.815379
0,0.34,0.843665,0.805044
0,0.36,0.83527,0.79484
0,0.38,0.826959,0.784765
0,0.4,0.818731,0.774817
0,0.42,0.810584,0.764996
0,0.44,0.802519,0.7553
0,0.46,0.794534,0.745726
0,0.48,0.786628,0.736274
0,0.5,0.778801,0.726941
0,0.52,0.771052,0.717727
0,0.54,0.763379,0.708629
0,0.56,0.755784,0.699647
0,0.58,0.748264,0.690779
0,0.6,0.740818,0.682023
0,0.62,0.733447,0.673378
0,0.64,0.726149,0.664843
0,0.66,0.718924,0.656416
0,0.68,0.71177,0.648095
0,0.7,0.704688,0.639881
0,0.72,0.697676,0.63177
0,0.74,0.690734,0.623762
0,0.76,0.683861,0.615856
0,0.78,0.677057,0.608049
0,0.8,0.67032,0.600342
0,0.82,0.66365,0.592733
0,0.84,0.657047,0.585219
0,0.86,0.650509,0.577802
0,0.88,0.644036,0.570478
0,0.9,0.637628,0.563247
0,0.92,0.631284,0.556107
0,0.94,0.625002,0.549058
0,0.96,0.618783,0.542099
0,0.98,0.612626,0.535228
0,1,0.606531,0.528443
0.02,0,0.99005,0.987325
0.02,0.02,0.980199,0.97481
0.02,0.04,0.970446,0.962454
0.02,0.06,0.960789,0.950254
0.02,0.08,0.951229,0.93821
0.02,0.1,0.941765,0.926317
0.02,0.12,0.932394,0.914576
0.02,0.14,0.923116,0.902983
0.02,0.16,0.913931,0.891538
0.02,0.18,0.904837,0.880237
0.02,0.2,0.895834,0.86908
0.02,0.22,0.88692,0.858064
0.02,0.24,0.878095,0.847188
0.02,0.26,0.869358,0.836449
0.02,0.28,0.860708,0.825847
0.02,0.3,0.852144,0.815379
0.02,0.32,0.843665,0.805044
0.02,0.34,0.83527,0.79484
0.02,0.36,0.826959,0.784765
0.02,0.38,0.818731,0.774817
0.02,0.4,0.810584,0.764996
0.02,0.42,0.802519,0.7553
0.02,0.44,0.794534,0.745726
0.02,0.46,0.786628,0.736274
0.02,0.48,0.778801,0.726941
0.02,0.5,0.771052,0.717727
0.02,0.52,0.763379,0.708629
0.02,0.54,0.755784,0.699647
0.02,0.56,0.748264,0.690779
0.02,0.58,0.740818,0.682023
0.02,0.6,0.733447,0.673378
0.02,0.62,0.726149,0.664843
0.02,0.64,0.718924,0.656416
0.02,0.66,0.71177,0.648095
0.02,0.68,0.704688,0.639881
0.02,0.7,0.697676,0.63177
0.02,0.72,0.690734,0.623762
0.02,0.74,0.683861,0.615856
0.02,0.76,0.677057,0.608049
0.02,0.78,0.67032,0.600342
0.02,0.8,0.66365,0.592733
0.02,0.82,0.657047,0.585219
0.02,0.84,0.650509,0.577802
0.02,0.86,0.644036,0.570478
0.02,0.88,0.637628,0.563247
0.02,0.9,0.631284,0.556107
0.02,0.92,0.625002,0.549058
0.02,0.94,0.618783,0.542099
0.02,0.96,0.612626,0.535228
0.02,0.98,0.606531,0.528443
0.02,1,0.600496,0.521745
0.04,0,0.980199,0.97481
0.04,0.02,0.970446,0.962454
0.04,0.04,0.960789,0.950254
0.04,0.06,0.951229,0.93821
0.04,0.08,0.941765,0.926317
0.04,0.1,0.932394,0.914576
0.04,0.12,0.923116,0.902983
0.04,0.14,0.913931,0.891538
0.04,0.16,0.904837,0.880237
0.04,0.18,0.895834,0.86908
0.04,0.2,0.88692,0.858064
0.04,0.22,0.878095,0.847188
0.04,0.24,0.869358,0.836449
0.04,0.26,0.860708,0.825847
0.04,0.28,0.852144,0.815379
0.04,0.3,0.843665,0.805044
0.04,0.32,0.83527,0.79484
0.04,0.34,0.826959,0.784765
0.04,0.36,0.818731,0.774817
0.04,0.38,0.810584,0.764996
0.04,0.4,0.802519,0.7553
0.04,0.42,0.794534,0.745726
0.04,0.44,0.786628,0.736274
0.04,0.46,0.778801,0.726941
0.04,0.48,0.771052,0.717727
0.04,0.5,0.763379,0.708629
0.04,0.52,0.755784,0.699647
0.04,0.54,0.748264,0.690779
0.04,0.56,0.740818,0.682023
0.04,0.58,0.733447,0.673378
0.04,0.6,0.726149,0.664843
0.04,0.62,0.718924,0.656416
0.04,0.64,0.71177,0.648095
0.04,0.66,0.704688,0.639881
0.04,0.68,0.697676,0.63177
0.04,0.7,0.690734,0.623762
0.04,0.72,0.683861,0.615856
0.04,0.74,0.677057,0.608049
0.04,0.76,0.67032,0.600342
0.04,0.78,0.66365,0.592733
0.04,0.8,0.657047,0.585219
0.04,0.82,0.650509,0.577802
0.04,0.84,0.644036,0.570478
0.04,0.86,0.637628,0.563247
0.04,0.88,0.631284,0.556107
0.04,0.9,0.625002,0.549058
0.04,0.92,0.618783,0.542099
0.04,0.94,0.612626,0.535228
0.04,0.96,0.606531,0.528443
0.04,0.98,0.600496,0.521745
0.04,1,0.594521,0.515132
0.06,0,0.970446,0.962454
0.06,0.02,0.960789,0.950254
0.06,0.04,0.951229,0.93821
0.06,0.06,0.941765,0.926317
0.06,0.08,0.932394,0.914576
0.06,0.1,0.923116,0.902983
0.06,0.12,0.913931,0.891538
0.06,0.14,0.904837,0.880237
0.06,0.16,0.895834,0.86908
0.06,0.18,0.88692,0.858064
0.06,0.2,0.878095,0.847188
0.06,0.22,0.869358,0.836449
0.06,0.24,0.860708,0.825847
0.06,0.26,0.852144,0.815379
0.06,0.28,0.843665,0.805044
0.06,0.3,0.83527,0.79484
0.06,0.32,0.826959,0.784765
0.06,0.34,0.818731,0.774817
0.06,0.36,0.810584,0.764996
0.06,0.38,0.802519,0.7553
0.06,0.4,0.794534,0.745726
0.06,0.42,0.786628,0.736274
0.06,0.44,0.778801,0.726941
0.06,0.46,0.771052,0.717727
0.06,0.48,0.763379,0.708629
0.06,0.5,0.755784,0.699647
0.06,0.52,0.748264,0.690779
0.06,0.54,0.740818,0.682023
0.06,0.56,0.733447,0.673378
0.06,0.58,0.726149,0.664843
0.06,0.6,0.718924,0.656416
0.06,0.62,0.71177,0.648095
0.06,0.64,0.704688,0.639881
0.06,0.66,0.697676,0.63177
0.06,0.68,0.690734,0.623762
0.06,0.7,0.683861,0.615856
0.06,0.72,0.677057,0.608049
0.06,0.74,0.67032,0.600342
0.06,0.76,0.66365,0.592733
0.06,0.78,0.657047,0.585219
0.06,0.8,0.650509,0.577802
0.06,0.82,0.644036,0.570478
0.06,0.84,0.637628,0.563247
0.06,0.86,0.631284,0.556107
0.06,0.88,0.625002,0.549058
0.06,0.9,0.618783,0.542099
0.06,0.92,0.612626,0.535228
0.06,0.94,0.606531,0.528443
0.06,0.96,0.600496,0.521745
0.06,0.98,0.594521,0.515132
0.06,1,0.588605,0.508602
0.08,0,0.960789,0.950254
0.08,0.02,0.951229,0.93821
0.08,0.04,0.941765,0.926317
0.08,0.06,0.932394,0.914576
0.08,0.08,0.923116,0.902983
0.08,0.1,0.913931,0.891538
0.08,0.12,0.904837,0.880237
0.08,0.14,0.895834,0.86908
0.08,0.16,0.88692,0.858064
0.08,0.18,0.878095,0.847188
0.08,0.2,0.869358,0.836449
0.08,0.22,0.860708,0.825847
0.08,0.24,0.852144,0.815379
0.08,0.26,0.843665,0.805044
0.08,0.28,0.83527,0.79484
0.08,0.3,0.826959,0.784765
0.08,0.32,0.818731,0.774817
0.08,0.34,0.810584,0.764996
0.08,0.36,0.802519,0.7553
0.08,0.38,0.794534,0.745726
0.08,0.4,0.786628,0.736274
0.08,0.42,0.778801,0.726941
0.08,0.44,0.771052,0.717727
0.08,0.46,0.763379,0.708629
0.08,0.48,0.755784,0.699647
0.08,0.5,0.748264,0.690779
0.08,0.52,0.740818,0.682023
0.08,0.54,0.733447,0.673378
0.08,0.56,0.726149,0.664843
0.08,0.58,0.718924,0.656416
0.08,0.6,0.71177,0.648095
0.08,0.62,0.704688,0.639881
0.08,0.64,0.697676,0.63177
0.08,0.66,0.690734,0.623762
0.08,0.68,0.683861,0.615856
0.08,0.7,0.677057,0.608049
0.08,0.72,0.67032,0.600342
0.08,0.74,0.66365,0.592733
0.08,0.76,0.657047,0.585219
0.08,0.78,0.650509,0.577802
0.08,0.8,0.644036,0.570478
0.08,0.82,0.637628,0.563247
0.08,0.84,0.631284,0.556107
0.08,0.86,0.625002,0.549058
0.08,0.88,0.618783,0.542099
0.08,0.9,0.612626,0.535228
0.08,0.92,0.606531,0.528443
0.08,0.94,0.600496,0.521745
0.08,0.96,0.594521,0.515132
0.08,0.98,0.588605,0.508602
0.08,1,0.582748,0.502156
0.1,0,0.951229,0.93821
0.1,0.02,0.941765,0.926317
0.1,0.04,0.932394,0.914576
0.1,0.06,0.923116,0.902983
0.1,0.08,0.913931,0.891538
0.1,0.1,0.904837,0.880237
0.1,0.12,0.895834,0.86908
0.1,0.14,0.88692,0.858064
0.1,0.16,0.878095,0.847188
0.1,0.18,0.869358,0.836449
0.1,0.2,0.860708,0.825847
0.1,0.22,0.852144,0.815379
0.1,0.24,0.843665,0.805044
0.1,0.26,0.83527,0.79484
0.1,0.28,0.826959,0.784765
0.1,0.3,0.818731,0.774817
0.1,0.32,0.810584,0.764996
0.1,0.34,0.802519,0.7553
0.1,0.36,0.794534,0.745726
0.1,0.38,0.786628,0.736274
0.1,0.4,0.778801,0.726941
0.1,0.42,0.771052,0.717727
0.1,0.44,0.763379,0.708629
0.1,0.46,0.755784,0.699647
0.1,0.48,0.748264,0.690779
0.1,0.5,0.740818,0.682023
0.1,0.52,0.733447,0.673378
0.1,0.54,0.726149,0.664843
0.1,0.56,0.718924,0.656416
0.1,0.58,0.71177,0.648095
0.1,0.6,0.704688,0.639881
0.1,0.62,0.697676,0.63177
0.1,0.64,0.690734,0.623762
0.1,0.66,0.683861,0.615856
0.1,0.68,0.677057,0.608049
0.1,0.7,0.67032,0.600342
0.1,0.72,0.66365,0.592733
0.1,0.74,0.657047,0.585219
0.1,0.76,0.650509,0.577802
0.1,0.78,0.644036,0.570478
0.1,0.8,0.637628,0.563247
0.1,0.82,0.631284,0.556107
0.1,0.84,0.625002,0.549058
0.1,0.86,0.618783,0.542099
0.1,0.88,0.612626,0.535228
0.1,0.9,0.606531,0.528443
0.1,0.92,0.600496,0.521745
0.1,0.94,0.594521,0.515132
0.1,0.96,0.588605,0.508602
0.1,0.98,0.582748,0.502156
0.1,1,0.57695,0.495791
0.12,0,0.941765,0.926317
0.12,0.02,0.932394,0.914576
0.12,0.04,0.923116,0.902983
0.12,0.06,0.913931,0.891538
0.12,0.08,0.904837,0.880237
0.12,0.1,0.895834,0.86908
0.12,0.12,0.88692,0.858064
0.12,0.14,0.878095,0.847188
0.12,0.16,0.869358,0.836449
0.12,0.18,0.860708,0.825847
0.12,0.2,0.852144,0.815379
0.12,0.22,0.843665,0.805044
0.12,0.24,0.83527,0.79484
0.12,0.26,0.826959,0.784765
0.12,0.28,0.818731,0.774817
0.12,0.3,0.810584,0.764996
0.12,0.32,0.802519,0.7553
0.12,0.34,0.794534,0.745726
0.12,0.36,0.786628,0.736274
0.12,0.38,0.778801,0.726941
0.12,0.4,0.771052,0.717727
0.12,0.42,0.763379,0.708629
0.12,0.44,0.755784,0.699647
0.12,0.46,0.748264,0.690779
0.12,0.48,0.740818,0.682023
0.12,0.5,0.733447,0.673378
0.12,0.52,0.726149,0.664843
0.12,0.54,0.718924,0.656416
0.12,0.56,0.71177,0.648095
0.12,0.58,0.704688,0.639881
0.12,0.6,0.697676,0.63177
0.12,0.62,0.690734,0.623762
0.12,0.64,0.683861,0.615856
0.12,0.66,0.677057,0.608049
0.12,0.68,0.67032,0.600342
0.12,0.7,0.66365,0.592733
0.12,0.72,0.657047,0.585219
0.12,0.74,0.650509,0.577802
0.12,0.76,0.644036,0.570478
0.12,0.78,0.637628,0.563247
0.12,0.8,0.631284,0.556107
0.12,0.82,0.625002,0.549058
0.12,0.84,0.618783,0.542099
0.12,0.86,0.612626,0.535228
0.12,0.88,0.606531,0.528443
0.12,0.9,0.600496,0.521745
0.12,0.92,0.594521,0.515132
0.12,0.94,0.588605,0.508602
0.12,0.96,0.582748,0.502156
0.12,0.98,0.57695,0.495791
0.12,1,0.571209,0.489506
0.14,0,0.932394,0.914576
0.14,0.02,0.923116,0.902983
0.14,0.04,0.913931,0.891538
0.14,0.06,0.904837,0.880237
0.14,0.08,0.895834,0.86908
0.14,0.1,0.88692,0.858064
0.14,0.12,0.878095,0.847188
0.14,0.14,0.869358,0.836449
0.14,0.16,0.860708,0.825847
0.14,0.18,0.852144,0.815379
0.14,0.2,0.843665,0.805044
0.14,0.22,0.83527,0.79484
0.14,0.24,0.826959,0.784765
0.14,0.26,0.818731,0.774817
0.14,0.28,0.810584,0.764996
0.14,0.3,0.802519,0.7553
0.14,0.32,0.794534,0.745726
0.14,0.34,0.786628,0.736274
0.14,0.36,0.778801,0.726941
0.14,0.38,0.771052,0.717727
0.14,0.4,0.763379,0.708629
0.14,0.42,0.755784,0.699647
0.14,0.44,0.748264,0.690779
0.14,0.46,0.740818,0.682023
0.14,0.48,0.733447,0.673378
0.14,0.5,0.726149,0.664843
0.14,0.52,0.718924,0.656416
0.14,0.54,0.71177,0.648095
0.14,0.56,0.704688,0.639881
0.14,0.58,0.697676,0.63177
0.14,0.6,0.690734,0.623762
0.14,0.62,0.683861,0.615856
0.14,0.64,0.677057,0.608049
0.14,0.66,0.67032,0.600342
0.14,0.68,0.66365,0.592733
0.14,0.7,0.657047,0.585219
0.14,0.72,0.650509,0.577802
0.14,0.74,0.644036,0.570478
0.14,0.76,0.637628,0.563247
0.14,0.78,0.631284,0.556107
0.14,0.8,0.625002,0.549058
0.14,0.82,0.618783,0.542099
0.14,0.84,0.612626,0.535228
0.14,0.86,0.606531,0.528443
0.14,0.88,0.600496,0.521745
0.14,0.9,0.594521,0.515132
0.14,0.92,0.588605,0.508602
0.14,0.94,0.582748,0.502156
0.14,0.96,0.57695,0.495791
0.14,0.98,0.571209,0.489506
0.14,1,0.565525,0.483302
0.16,0,0.923116,0.902983
0.16,0.02,0.913931,0.891538
0.16,0.04,0.904837,0.880237
0.16,0.06,0.895834,0.86908
0.16,0.08,0.88692,0.858064
0.16,0.1,0.878095,0.847188
0.16,0.12,0.869358,0.836449
0.16,0.14,0.860708,0.825847
0.16,0.16,0.852144,0.815379
0.16,0.18,0.843665,0.805044
0.16,0.2,0.83527,0.79484
0.16,0.22,0.826959,0.784765
0.16,0.24,0.818731,0.774817
0.16,0.26,0.810584,0.764996
0.16,0.28,0.802519,0.7553
0.16,0.3,0.794534,0.745726
0.16,0.32,0.786628,0.736274
0.16,0.34,0.778801,0.726941
0.16,0.36,0.771052,0.717727
0.16,0.38,0.763379,0.708629
0.16,0.4,0.755784,0.699647
0.16,0.42,0.748264,0.690779
0.16,0.44,0.740818,0.682023
0.16,0.46,0.733447,0.673378
0.16,0.48,0.726149,0.664843
0.16,0.5,0.718924,0.656416
0.16,0.52,0.71177,0.648095
0.16,0.54,0.704688,0.639881
0.16,0.56,0.697676,0.63177
0.16,0.58,0.690734,0.623762
0.16,0.6,0.683861,0.615856
0.16,0.62,0.677057,0.608049
0.16,0.64,0.67032,0.600342
0.16,0.66,0.66365,0.592733
0.16,0.68,0.657047,0.585219
0.16,0.7,0.650509,0.577802
0.16,0.72,0.644036,0.570478
0.16,0.74,0.637628,0.563247
0.16,0.76,0.631284,0.556107
0.16,0.78,0.625002,0.549058
0.16,0.8,0.618783,0.542099
0.16,0.82,0.612626,0.535228
0.16,0.84,0.606531,0.528443
0.16,0.86,0.600496,0.521745
0.16,0.88,0.594521,0.515132
0.16,0.9,0.588605,0.508602
0.16,0.92,0.582748,0.502156
0.16,0.94,0.57695,0.495791
0.16,0.96,0.571209,0.489506
0.16,0.98,0.565525,0.483302
0.16,1,0.559898,0.477176
0.18,0,0.913931,0.891538
0.18,0.02,0.904837,0.880237
0.18,0.04,0.895834,0.86908
0.18,0.06,0.88692,0.858064
0.18,0.08,0.878095,0.847188
0.18,0.1,0.869358,0.836449
0.18,0.12,0.860708,0.825847
0.18,0.14,0.852144,0.815379
0.18,0.16,0.843665,0.805044
0.18,0.18,0.83527,0.79484
0.18,0.2,0.826959,0.784765
0.18,0.22,0.818731,0.774817
0.18,0.24,0.810584,0.764996
0.18,0.26,0.802519,0.7553
0.18,0.28,0.794534,0.745726
0.18,0.3,0.786628,0.736274
0.18,0.32,0.778801,0.726941
0.18,0.34,0.771052,0.717727
0.18,0.36,0.763379,0.708629
0.18,0.38,0.755784,0.699647
0.18,0.4,0.748264,0.690779
0.18,0.42,0.740818,0.682023
0.18,0.44,0.733447,0.673378
0.18,0.46,0.726149,0.664843
0.18,0.48,0.718924,0.656416
0.18,0.5,0.71177,0.648095
0.18,0.52,0.704688,0.639881
0.18,0.54,0.697676,0.63177
0.18,0.56,0.690734,0.623762
0.18,0.58,0.683861,0.615856
0.18,0.6,0.677057,0.608049
0.18,0.62,0.67032,0.600342
0.18,0.64,0.66365,0.592733
0.18,0.66,0.657047,0.585219
0.18,0.68,0.650509,0.577802
0.18,0.7,0.644036,0.570478
0.18,0.72,0.637628,0.563247
0.18,0.74,0.631284,0.556107
0.18,0.76,0.625002,0.549058
0.18,0.78,0.618783,0.542099
0.18,0.8,0.612626,0.535228
0.18,0.82,0.606531,0.528443
0.18,0.84,0.600496,0.521745
0.18,0.86,0.594521,0.515132
0.18,0.88,0.588605,0.508602
0.18,0.9,0.582748,0.502156
0.18,0.92,0.57695,0.495791
0.18,0.94,0.571209,0.489506
0.18,0.96,0.565525,0.483302
0.18,0.98,0.559898,0.477176
0.18,1,0.554327,0.471127
0.2,0,0.904837,0.880237
0.2,0.02,0.895834,0.86908
0.2,0.04,0.88692,0.858064
0.2,0.06,0.878095,0.847188
0.2,0.08,0.869358,0.836449
0.2,0.1,0.860708,0.825847
0.2,0.12,0.852144,0.815379
0.2,0.14,0.843665,0.805044
0.2,0.16,0.83527,0.79484
0.2,0.18,0.826959,0.784765
0.2,0.2,0.818731,0.774817
0.2,0.22,0.810584,0.764996
0.2,0.24,0.802519,0.7553
0.2,0.26,0.794534,0.745726
0.2,0.28,0.786628,0.736274
0.2,0.3,0.778801,0.726941
0.2,0.32,0.771052,0.717727
0.2,0.34,0.763379,0.708629
0.2,0.36,0.755784,0.699647
0.2,0.38,0.748264,0.690779
0.2,0.4,0.740818,0.682023
0.2,0.42,0.733447,0.673378
0.2,0.44,0.726149,0.664843
0.2,0.46,0.718924,0.656416
0.2,0.48,0.71177,0.648095
0.2,0.5,0.704688,0.639881
0.2,0.52,0.697676,0.63177
0.2,0.54,0.690734,0.623762
0.2,0.56,0.683861,0.615856
0.2,0.58,0.677057,0.608049
0.2,0.6,0.67032,0.600342
0.2,0.62,0.66365,0.592733
0.2,0.64,0.657047,0.585219
0.2,0.66,0.650509,0.577802
0.2,0.68,0.644036,0.570478
0.2,0.7,0.637628,0.563247
0.2,0.72,0.631284,0.556107
0.2,0.74,0.625002,0.549058
0.2,0.76,0.618783,0.542099
0.2,0.78,0.612626,0.535228
0.2,0.8,0.606531,0.528443
0.2,0.82,0.600496,0.521745
0.2,0.84,0.594521,0.515132
0.2,0.86,0.588605,0.508602
0.2,0.88,0.582748,0.502156
0.2,0.9,0.57695,0.495791
0.2,0.92,0.571209,0.489506
0.2,0.94,0.565525,0.483302
0.2,0.96,0.559898,0.477176
0.2,0.98,0.554327,0.471127
0.2,1,0.548812,0.465156
0.22,0,0.895834,0.86908
0.22,0.02,0.88692,0.858064
0.22,0.04,0.878095,0.847188
0.22,0.06,0.869358,0.836449
0.22,0.08,0.860708,0.825847
0.22,0.1,0.852144,0.815379
0.22,0.12,0.843665,0.805044
0.22,0.14,0.83527,0.79484
0.22,0.16,0.826959,0.784765
0.22,0.18,0.818731,0.774817
0.22,0.2,0.810584,0.764996
0.22,0.22,0.802519,0.7553
0.22,0.24,0.794534,0.745726
0.22,0.26,0.786628,0.736274
0.22,0.28,0.778801,0.726941
0.22,0.3,0.771052,0.717727
0.22,0.32,0.763379,0.708629
0.22,0.34,0.755784,0.699647
0.22,0.36,0.748264,0.690779
0.22,0.38,0.740818,0.682023
0.22,0.4,0.733447,0.673378
0.22,0.42,0.726149,0.664843
0.22,0.44,0.718924,0.656416
0.22,0.46,0.71177,0.648095
0.22,0.48,0.704688,0.639881
0.22,0.5,0.697676,0.63177
0.22,0.52,0.690734,0.623762
0.22,0.54,0.683861,0.615856
0.22,0.56,0.677057,0.608049
0.22,0.58,0.67032,0.600342
0.22,0.6,0.66365,0.592733
0.22,0.62,0.657047,0.585219
0.22,0.64,0.650509,0.577802
0.22,0.66,0.644036,0.570478
0.22,0.68,0.637628,0.563247
0.22,0.7,0.631284,0.556107
0.22,0.72,0.625002,0.549058
0.22,0.74,0.618783,0.542099
0.22,0.76,0.612626,0.535228
0.22,0.78,0.606531,0.528443
0.22,0.8,0.600496,0.521745
0.22,0.82,0.594521,0.515132
0.22,0.84,0.588605,0.508602
0.22,0.86,0.582748,0.502156
0.22,0.88,0.57695,0.495791
0.22,0.9,0.571209,0.489506
0.22,0.92,0.565525,0.483302
0.22,0.94,0.559898,0.477176
0.22,0.96,0.554327,0.471127
0.22,0.98,0.548812,0.465156
0.22,1,0.543351,0.45926
0.24,0,0.88692,0.858064
0.24,0.02,0.878095,0.847188
0.24,0.04,0.869358,0.836449
0.24,0.06,0.860708,0.825847
0.24,0.08,0.852144,0.815379
0.24,0.1,0.843665,0.805044
0.24,0.12,0.83527,0.79484
0.24,0.14,0.826959,0.784765
0.24,0.16,0.818731,0.774817
0.24,0.18,0.810584,0.764996
0.24,0.2,0.802519,0.7553
0.24,0.22,0.794534,0.745726
0.24,0.24,0.786628,0.736274
0.24,0.26,0.778801,0.726941
0.24,0.28,0.771052,0.717727
0.24,0.3,0.763379,0.708629
0.24,0.32,0.755784,0.699647
0.24,0.34,0.748264,0.690779
0.24,0.36,0.740818,0.682023
0.24,0.38,0.733447,0.673378
0.24,0.4,0.726149,0.664843
0.24,0.42,0.718924,0.656416
0.24,0.44,0.71177,0.648095
0.24,0.46,0.704688,0.639881
0.24,0.48,0.697676,0.63177
0.24,0.5,0.690734,0.623762
0.24,0.52,0.683861,0.615856
0.24,0.54,0.677057,0.608049
0.24,0.56,0.67032,0.600342
0.24,0.58,0.66365,0.592733
0.24,0.6,0.657047,0.585219
0.24,0.62,0.650509,0.577802
0.24,0.64,0.644036,0.570478
0.24,0.66,0.637628,0.563247
0.24,0.68,0.631284,0.556107
0.24,0.7,0.625002,0.549058
0.24,0.72,0.618783,0.542099
0.24,0.74,0.612626,0.535228
0.24,0.76,0.606531,0.528443
0.24,0.78,0.600496,0.521745
0.24,0.8,0.594521,0.515132
0.24,0.82,0.588605,0.508602
0.24,0.84,0.582748,0.502156
0.24,0.86,0.57695,0.495791
0.24,0.88,0.571209,0.489506
0.24,0.9,0.565525,0.483302
0.24,0.92,0.559898,0.477176
0.24,0.94,0.554327,0.471127
0.24,0.96,0.548812,0.465156
0.24,0.98,0.543351,0.45926
0.24,1,0.537944,0.453438
0.26,0,0.878095,0.847188
0.26,0.02,0.869358,0.836449
0.26,0.04,0.860708,0.825847
0.26,0.06,0.852144,0.815379
0.26,0.08,0.843665,0.805044
0.26,0.1,0.83527,0.79484
0.26,0.12,0.826959,0.784765
0.26,0.14,0.818731,0.774817
0.26,0.16,0.810584,0.764996
0.26,0.18,0.802519,0.7553
0.26,0.2,0.794534,0.745726
0.26,0.22,0.786628,0.736274
0.26,0.24,0.778801,0.726941
0.26,0.26,0.771052,0.717727
0.26,0.28,0.763379,0.708629
0.26,0.3,0.755784,0.699647
0.26,0.32,0.748264,0.690779
0.26,0.34,0.740818,0.682023
0.26,0.36,0.733447,0.673378
0.26,0.38,0.726149,0.664843
0.26,0.4,0.718924,0.656416
0.26,0.42,0.71177,0.648095
0.26,0.44,0.704688,0.639881
0.26,0.46,0.697676,0.63177
0.26,0.48,0.690734,0.623762
0.26,0.5,0.683861,0.615856
0.26,0.52,0.677057,0.608049
0.26,0.54,0.67032,0.600342
0.26,0.56,0.66365,0.592733
0.26,0.58,0.657047,0.585219
0.26,0.6,0.650509,0.577802
0.26,0.62,0.644036,0.570478
0.26,0.64,0.637628,0.563247
0.26,0.66,0.631284,0.556107
0.26,0.68,0.625002,0.549058
0.26,0.7,0.618783,0.542099
0.26,0.72,0.612626,0.535228
0.26,0.74,0.606531,0.528443
0.26,0.76,0.600496,0.521745
0.26,0.78,0.594521,0.515132
0.26,0.8,0.588605,0.508602
0.26,0.82,0.582748,0.502156
0.26,0.84,0.57695,0.495791
0.26,0.86,0.571209,0.489506
0.26,0.88,0.565525,0.483302
0.26,0.9,0.559898,0.477176
0.26,0.92,0.554327,0.471127
0.26,0.94,0.548812,0.465156
0.26,0.96,0.543351,0.45926
0.26,0.98,0.537944,0.453438
0.26,1,0.532592,0.447691
0.28,0,0.869358,0.836449
0.28,0.02,0.860708,0.825847
0.28,0.04,0.852144,0.815379
0.28,0.06,0.843665,0.805044
0.28,0.08,0.83527,0.79484
0.28,0.1,0.826959,0.784765
0.28,0.12,0.818731,0.774817
0.28,0.14,0.810584,0.764996
0.28,0.16,0.802519,0.7553
0.28,0.18,0.794534,0.745726
0.28,0.2,0.786628,0.736274
0.28,0.22,0.778801,0.726941
0.28,0.24,0.771052,0.717727
0.28,0.26,0.763379,0.708629
0.28,0.28,0.755784,0.699647
0.28,0.3,0.748264,0.690779
0.28,0.32,0.740818,0.682023
0.28,0.34,0.733447,0.673378
0.28,0.36,0.726149,0.664843
0.28,0.38,0.718924,0.656416
0.28,0.4,0.71177,0.648095
0.28,0.42,0.704688,0.639881
0.28,0.44,0.697676,0.63177
0.28,0.46,0.690734,0.623762
0.28,0.48,0.683861,0.615856
0.28,0.5,0.677057,0.608049
0.28,0.52,0.67032,0.600342
0.28,0.54,0.66365,0.592733
0.28,0.56,0.657047,0.585219
0.28,0.58,0.650509,0.577802
0.28,0.6,0.644036,0.570478
0.28,0.62,0.637628,0.563247
0.28,0.64,0.631284,0.556107
0.28,0.66,0.625002,0.549058
0.28,0.68,0.618783,0.542099
0.28,0.7,0.612626,0.535228
0.28,0.72,0.606531,0.528443
0.28,0.74,0.600496,0.521745
0.28,0.76,0.594521,0.515132
0.28,0.78,0.588605,0.508602
0.28,0.8,0.582748,0.502156
0.28,0.82,0.57695,0.495791
0.28,0.84,0.571209,0.489506
0.28,0.86,0.565525,0.483302
0.28,0.88,0.559898,0.477176
0.28,0.9,0.554327,0.471127
0.28,0.92,0.548812,0.465156
0.28,0.94,0.543351,0.45926
0.28,0.96,0.537944,0.453438
0.28,0.98,0.532592,0.447691
0.28,1,0.527292,0.442016
0.3,0,0.860708,0.825847
0.3,0.02,0.852144,0.815379
0.3,0.04,0.843665,0.805044
0.3,0.06,0.83527,0.79484
0.3,0.08,0.826959,0.784765
0.3,0.1,0.818731,0.774817
0.3,0.12,0.810584,0.764996
0.3,0.14,0.802519,0.7553
0.3,0.16,0.794534,0.745726
0.3,0.18,0.786628,0.736274
0.3,0.2,0.778801,0.726941
0.3,0.22,0.771052,0.717727
0.3,0.24,0.763379,0.708629
0.3,0.26,0.755784,0.699647
0.3,0.28,0.748264,0.690779
0.3,0.3,0.740818,0.682023
0.3,0.32,0.733447,0.673378
0.3,0.34,0.726149,0.664843
0.3,0.36,0.718924,0.656416
0.3,0.38,0.71177,0.648095
0.3,0.4,0.704688,0.639881
0.3,0.42,0.697676,0.63177
0.3,0.44,0.690734,0.623762
0.3,0.46,0.683861,0.615856
0.3,0.48,0.677057,0.608049
0.3,0.5,0.67032,0.600342
0.3,0.52,0.66365,0.592733
0.3,0.54,0.657047,0.585219
0.3,0.56,0.650509,0.577802
0.3,0.58,0.644036,0.570478
0.3,0.6,0.637628,0.563247
0.3,0.62,0.631284,0.556107
0.3,0.64,0.625002,0.549058
0.3,0.66,0.618783,0.542099
0.3,0.68,0.612626,0.535228
0.3,0.7,0.606531,0.528443
0.3,0.72,0.600496,0.521745
0.3,0.74,0.594521,0.515132
0.3,0.76,0.588605,0.508602
0.3,0.78,0.582748,0.502156
0.3,0.8,0.57695,0.495791
0.3,0.82,0.571209,0.489506
0.3,0.84,0.565525,0.483302
0.3,0.86,0.559898,0.477176
0.3,0.88,0.554327,0.471127
0.3,0.9,0.548812,0.465156
0.3,0.92,0.543351,0.45926
0.3,0.94,0.537944,0.453438
0.3,0.96,0.532592,0.447691
0.3,0.98,0.527292,0.442016
0.3,1,0.522046,0.436413
0.32,0,0.852144,0.815379
0.32,0.02,0.843665,0.805044
0.32,0.04,0.83527,0.79484
0.32,0.06,0.826959,0.784765
0.32,0.08,0.818731,0.774817
0.32,0.1,0.810584,0.764996
0.32,0.12,0.802519,0.7553
0.32,0.14,0.794534,0.745726
0.32,0.16,0.786628,0.736274
0.32,0.18,0.778801,0.726941
0.32,0.2,0.771052,0.717727
0.32,0.22,0.763379,0.708629
0.32,0.24,0.755784,0.699647
0.32,0.26,0.748264,0.690779
0.32,0.28,0.740818,0.682023
0.32,0.3,0.733447,0.673378
0.32,0.32,0.726149,0.664843
0.32,0.34,0.718924,0.656416
0.32,0.36,0.71177,0.648095
0.32,0.38,0.704688,0.639881
0.32,0.4,0.697676,0.63177
0.32,0.42,0.690734,0.623762
0.32,0.44,0.683861,0.615856
0.32,0.46,0.677057,0.608049
0.32,0.48,0.67032,0.600342
0.32,0.5,0.66365,0.592733
0.32,0.52,0.657047,0.585219
0.32,0.54,0.650509,0.577802
0.32,0.56,0.644036,0.570478
0.32,0.58,0.637628,0.563247
0.32,0.6,0.631284,0.556107
0.32,0.62,0.625002,0.549058
0.32,0.64,0.618783,0.542099
0.32,0.66,0.612626,0.535228
0.32,0.68,0.606531,0.528443
0.32,0.7,0.600496,0.521745
0.32,0.72,0.594521,0.515132
0.32,0.74,0.588605,0.508602
0.32,0.76,0.582748,0.502156
0.32,0.78,0.57695,0.495791
0.32,0.8,0.571209,0.489506
0.32,0.82,0.565525,0.483302
0.32,0.84,0.559898,0.477176
0.32,0.86,0.554327,0.471127
0.32,0.88,0.548812,0.465156
0.32,0.9,0.543351,0.45926
0.32,0.92,0.537944,0.453438
0.32,0.94,0.532592,0.447691
0.32,0.96,0.527292,0.442016
0.32,0.98,0.522046,0.436413
0.32,1,0.516851,0.430882
0.34,0,0.843665,0.805044
0.34,0.02,0.83527,0.79484
0.34,0.04,0.826959,0.784765
0.34,0.06,0.818731,0.774817
0.34,0.08,0.810584,0.764996
0.34,0.1,0.802519,0.7553
0.34,0.12,0.794534,0.745726
0.34,0.14,0.786628,0.736274
0.34,0.16,0.778801,0.726941
0.34,0.18,0.771052,0.717727
0.34,0.2,0.763379,0.708629
0.34,0.22,0.755784,0.699647
0.34,0.24,0.748264,0.690779
0.34,0.26,0.740818,0.682023
0.34,0.28,0.733447,0.673378
0.34,0.3,0.726149,0.664843
0.34,0.32,0.718924,0.656416
0.34,0.34,0.71177,0.648095
0.34,0.36,0.704688,0.639881
0.34,0.38,0.697676,0.63177
0.34,0.4,0.690734,0.623762
0.34,0.42,0.683861,0.615856
0.34,0.44,0.677057,0.608049
0.34,0.46,0.67032,0.600342
0.34,0.48,0.66365,0.592733
0.34,0.5,0.657047,0.585219
0.34,0.52,0.650509,0.577802
0.34,0.54,0.644036,0.570478
0.34,0.56,0.637628,0.563247
0.34,0.58,0.631284,0.556107
0.34,0.6,0.625002,0.549058
0.34,0.62,0.618783,0.542099
0.34,0.64,0.612626,0.535228
0.34,0.66,0.606531,0.528443
0.34,0.68,0.600496,0.521745
0.34,0.7,0.594521,0.515132
0.34,0.72,0.588605,0.508602
0.34,0.74,0.582748,0.502156
0.34,0.76,0.57695,0.495791
0.34,0.78,0.571209,0.489506
0.34,0.8,0.565525,0.483302
0.34,0.82,0.559898,0.477176
0.34,0.84,0.554327,0.471127
0.34,0.86,0.548812,0.465156
0.34,0.88,0.543351,0.45926
0.34,0.9,0.537944,0.453438
0.34,0.92,0.532592,0.447691
0.34,0.94,0.527292,0.442016
0.34,0.96,0.522046,0.436413
0.34,0.98,0.516851,0.430882
0.34,1,0.511709,0.42542
0.36,0,0.83527,0.79484
0.36,0.02,0.826959,0.784765
0.36,0.04,0.818731,0.774817
0.36,0.06,0.810584,0.764996
0.36,0.08,0.802519,0.7553
0.36,0.1,0.794534,0.745726
0.36,0.12,0.786628,0.736274
0.36,0.14,0.778801,0.726941
0.36,0.16,0.771052,0.717727
0.36,0.18,0.763379,0.708629
0.36,0.2,0.755784,0.699647
0.36,0.22,0.748264,0.690779
0.36,0.24,0.740818,0.682023
0.36,0.26,0.733447,0.673378
0.36,0.28,0.726149,0.664843
0.36,0.3,0.718924,0.656416
0.36,0.32,0.71177,0.648095
0.36,0.34,0.704688,0.639881
0.36,0.36,0.697676,0.63177
0.36,0.38,0.690734,0.623762
0.36,0.4,0.683861,0.615856
0.36,0.42,0.677057,0.608049
0.36,0.44,0.67032,0.600342
0.36,0.46,0.66365,0.592733
0.36,0.48,0.657047,0.585219
0.36,0.5,0.650509,0.577802
0.36,0.52,0.644036,0.570478
0.36,0.54,0.637628,0.563247
0.36,0.56,0.631284,0.556107
0.36,0.58,0.625002,0.549058
0.36,0.6,0.618783,0.542099
0.36,0.62,0.612626,0.535228
0.36,0.64,0.606531,0.528443
0.36,0.66,0.600496,0.521745
0.36,0.68,0.594521,0.515132
0.36,0.7,0.588605,0.508602
0.36,0.72,0.582748,0.502156
0.36,0.74,0.57695,0.495791
0.36,0.76,0.571209,0.489506
0.36,0.78,0.565525,0.483302
0.36,0.8,0.559898,0.477176
0.36,0.82,0.554327,0.471127
0.36,0.84,0.548812,0.465156
0.36,0.86,0.543351,0.45926
0.36,0.88,0.537944,0.453438
0.36,0.9,0.532592,0.447691
0.36,0.92,0.527292,0.442016
0.36,0.94,0.522046,0.436413
0.36,0.96,0.516851,0.430882
0.36,0.98,0.511709,0.42542
0.36,1,0.506617,0.420028
0.38,0,0.826959,0.784765
0.38,0.02,0.818731,0.774817
0.38,0.04,0.810584,0.764996
0.38,0.06,0.802519,0.7553
0.38,0.08,0.794534,0.745726
0.38,0.1,0.786628,0.736274
0.38,0.12,0.778801,0.726941
0.38,0.14,0.771052,0.717727
0.38,0.16,0.763379,0.708629
0.38,0.18,0.755784,0.699647
0.38,0.2,0.748264,0.690779
0.38,0.22,0.740818,0.682023
0.38,0.24,0.733447,0.673378
0.38,0.26,0.726149,0.664843
0.38,0.28,0.718924,0.656416
0.38,0.3,0.71177,0.648095
0.38,0.32,0.704688,0.639881
0.38,0.34,0.697676,0.63177
0.38,0.36,0.690734,0.623762
0.38,0.38,0.683861,0.615856
0.38,0.4,0.677057,0.608049
0.38,0.42,0.67032,0.600342
0.38,0.44,0.66365,0.592733
0.38,0.46,0.657047,0.585219
0.38,0.48,0.650509,0.577802
0.38,0.5,0.644036,0.570478
0.38,0.52,0.637628,0.563247
0.38,0.54,0.631284,0.556107
0.38,0.56,0.625002,0.549058
0.38,0.58,0.618783,0.542099
0.38,0.6,0.612626,0.535228
0.38,0.62,0.606531,0.528443
0.38,0.64,0.600496,0.521745
0.38,0.66,0.594521,0.515132
0.38,0.68,0.588605,0.508602
0.38,0.7,0.582748,0.502156
0.38,0.72,0.57695,0.495791
0.38,0.74,0.571209,0.489506
0.38,0.76,0.565525,0.483302
0.38,0.78,0.559898,0.477176
0.38,0.8,0.554327,0.471127
0.38,0.82,0.548812,0.465156
0.38,0.84,0.543351,0.45926
0.38,0.86,0.537944,0.453438
0.38,0.88,0.532592,0.447691
0.38,0.9,0.527292,0.442016
0.38,0.92,0.522046,0.436413
0.38,0.94,0.516851,0.430882
0.38,0.96,0.511709,0.42542
0.38,0.98,0.506617,0.420028
0.38,1,0.501576,0.414704
0.4,0,0.818731,0.774817
0.4,0.02,0.810584,0.764996
0.4,0.04,0.802519,0.7553
0.4,0.06,0.794534,0.745726
0.4,0.08,0.786628,0.736274
0.4,0.1,0.778801,0.726941
0.4,0.12,0.771052,0.717727
0.4,0.14,0.763379,0.708629
0.4,0.16,0.755784,0.699647
0.4,0.18,0.748264,0.690779
0.4,0.2,0.740818,0.682023
0.4,0.22,0.733447,0.673378
0.4,0.24,0.726149,0.664843
0.4,0.26,0.718924,0.656416
0.4,0.28,0.71177,0.648095
0.4,0.3,0.704688,0.639881
0.4,0.32,0.697676,0.63177
0.4,0.34,0.690734,0.623762
0.4,0.36,0.683861,0.615856
0.4,0.38,0.677057,0.608049
0.4,0.4,0.67032,0.600342
0.4,0.42,0.66365,0.592733
0.4,0.44,0.657047,0.585219
0.4,0.46,0.650509,0.577802
0.4,0.48,0.644036,0.570478
0.4,0.5,0.637628,0.563247
0.4,0.52,0.631284,0.556107
0.4,0.54,0.625002,0.549058
0.4,0.56,0.618783,0.542099
0.4,0.58,0.612626,0.535228
0.4,0.6,0.606531,0.528443
0.4,0.62,0.600496,0.521745
0.4,0.64,0.594521,0.515132
0.4,0.66,0.588605,0.508602
0.4,0.68,0.582748,0.502156
0.4,0.7,0.57695,0.495791
0.4,0.72,0.571209,0.489506
0.4,0.74,0.565525,0.483302
0.4,0.76,0.559898,0.477176
0.4,0.78,0.554327,0.471127
0.4,0.8,0.548812,0.465156
0.4,0.82,0.543351,0.45926
0.4,0.84,0.537944,0.453438
0.4,0.86,0.532592,0.447691
0.4,0.88,0.527292,0.442016
0.4,0.9,0.522046,0.436413
0.4,0.92,0.516851,0.430882
0.4,0.94,0.511709,0.42542
0.4,0.96,0.506617,0.420028
0.4,0.98,0.501576,0.414704
0.4,1,0.496585,0.409447
0.42,0,0.810584,0.764996
0.42,0.02,0.802519,0.7553
0.42,0.04,0.794534,0.745726
0.42,0.06,0.786628,0.736274
0.42,0.08,0.778801,0.726941
0.42,0.1,0.771052,0.717727
0.42,0.12,0.763379,0.708629
0.42,0.14,0.755784,0.699647
0.42,0.16,0.748264,0.690779
0.42,0.18,0.740818,0.682023
0.42,0.2,0.733447,0.673378
0.42,0.22,0.726149,0.664843
0.42,0.24,0.718924,0.656416
0.42,0.26,0.71177,0.648095
0.42,0.28,0.704688,0.639881
0.42,0.3,0.697676,0.63177
0.42,0.32,0.690734,0.623762
0.42,0.34,0.683861,0.615856
0.42,0.36,0.677057,0.608049
0.42,0.38,0.67032,0.600342
0.42,0.4,0.66365,0.592733
0.42,0.42,0.657047,0.585219
0.42,0.44,0.650509,0.577802
0.42,0.46,0.644036,0.570478
0.42,0.48,0.637628,0.563247
0.42,0.5,0.631284,0.556107
0.42,0.52,0.625002,0.549058
0.42,0.54,0.618783,0.542099
0.42,0.56,0.612626,0.535228
0.42,0.58,0.606531,0.528443
0.42,0.6,0.600496,0.521745
0.42,0.62,0.594521,0.515132
0.42,0.64,0.588605,0.508602
0.42,0.66,0.582748,0.502156
0.42,0.68,0.57695,0.495791
0.42,0.7,0.571209,0.489506
0.42,0.72,0.565525,0.483302
0.42,0.74,0.559898,0.477176
0.42,0.76,0.554327,0.471127
0.42,0.78,0.548812,0.465156
0.42,0.8,0.543351,0.45926
0.42,0.82,0.537944,0.453438
0.42,0.84,0.532592,0.447691
0.42,0.86,0.527292,0.442016
0.42,0.88,0.522046,0.436413
0.42,0.9,0.516851,0.430882
0.42,0.92,0.511709,0.42542
0.42,0.94,0.506617,0.420028
0.42,0.96,0.501576,0.414704
0.42,0.98,0.496585,0.409447
0.42,1,0.491644,0.404257
0.44,0,0.802519,0.7553
0.44,0.02,0.794534,0.745726
0.44,0.04,0.786628,0.736274
0.44,0.06,0.778801,0.726941
0.44,0.08,0.771052,0.717727
0.44,0.1,0.763379,0.708629
0.44,0.12,0.755784,0.699647
0.44,0.14,0.748264,0.690779
0.44,0.16,0.740818,0.682023
0.44,0.18,0.733447,0.673378
0.44,0.2,0.726149,0.664843
0.44,0.22,0.718924,0.656416
0.44,0.24,0.71177,0.648095
0.44,0.26,0.704688,0.639881
0.44,0.28,0.697676,0.63177
0.44,0.3,0.690734,0.623762
0.44,0.32,0.683861,0.615856
0.44,0.34,0.677057,0.608049
0.44,0.36,0.67032,0.600342
0.44,0.38,0.66365,0.592733
0.44,0.4,0.657047,0.585219
0.44,0.42,0.650509,0.577802
0.44,0.44,0.644036,0.570478
0.44,0.46,0.637628,0.563247
0.44,0.48,0.631284,0.556107
0.44,0.5,0.625002,0.549058
0.44,0.52,0.618783,0.542099
0.44,0.54,0.612626,0.535228
0.44,0.56,0.606531,0.528443
0.44,0.58,0.600496,0.521745
0.44,0.6,0.594521,0.515132
0.44,0.62,0.588605,0.508602
0.44,0.64,0.582748,0.502156
0.44,0.66,0.57695,0.495791
0.44,0.68,0.571209,0.489506
0.44,0.7,0.565525,0.483302
0.44,0.72,0.559898,0.477176
0.44,0.74,0.554327,0.471127
0.44,0.76,0.548812,0.465156
0.44,0.78,0.543351,0.45926
0.44,0.8,0.537944,0.453438
0.44,0.82,0.532592,0.447691
0.44,0.84,0.527292,0.442016
0.44,0.86,0.522046,0.436413
0.44,0.88,0.516851,0.430882
0.44,0.9,0.511709,0.42542
0.44,0.92,0.506617,0.420028
0.44,0.94,0.501576,0.414704
0.44,0.96,0.496585,0.409447
0.44,0.98,0.491644,0.404257
0.44,1,0.486752,0.399133
0.46,0,0.794534,0.745726
0.46,0.02,0.786628,0.736274
0.46,0.04,0.778801,0.726941
0.46,0.06,0.771052,0.717727
0.46,0.08,0.763379,0.708629
0.46,0.1,0.755784,0.699647
0.46,0.12,0.748264,0.690779
0.46,0.14,0.740818,0.682023
0.46,0.16,0.733447,0.673378
0.46,0.18,0.726149,0.664843
0.46,0.2,0.718924,0.656416
0.46,0.22,0.71177,0.648095
0.46,0.24,0.704688,0.639881
0.46,0.26,0.697676,0.63177
0.46,0.28,0.690734,0.623762
0.46,0.3,0.683861,0.615856
0.46,0.32,0.677057,0.608049
0.46,0.34,0.67032,0.600342
0.46,0.36,0.66365,0.592733
0.46,0.38,0.657047,0.585219
0.46,0.4,0.650509,0.577802
0.46,0.42,0.644036,0.570478
0.46,0.44,0.637628,0.563247
0.46,0.46,0.631284,0.556107
0.46,0.48,0.625002,0.549058
0.46,0.5,0.618783,0.542099
0.46,0.52,0.612626,0.535228
0.46,0.54,0.606531,0.528443
0.46,0.56,0.600496,0.521745
0.46,0.58,0.594521,0.515132
0.46,0.6,0.588605,0.508602
0.46,0.62,0.582748,0.502156
0.46,0.64,0.57695,0.495791
0.46,0.66,0.571209,0.489506
0.46,0.68,0.565525,0.483302
0.46,0.7,0.559898,0.477176
0.46,0.72,0.554327,0.471127
0.46,0.74,0.548812,0.465156
0.46,0.76,0.543351,0.45926
0.46,0.78,0.537944,0.453438
0.46,0.8,0.532592,0.447691
0.46,0.82,0.527292,0.442016
0.46,0.84,0.522046,0.436413
0.46,0.86,0.516851,0.430882
0.46,0.88,0.511709,0.42542
0.46,0.9,0.506617,0.420028
0.46,0.92,0.501576,0.414704
0.46,0.94,0.496585,0.409447
0.46,0.96,0.491644,0.404257
0.46,0.98,0.486752,0.399133
0.46,1,0.481909,0.394074
0.48,0,0.786628,0.736274
0.48,0.02,0.778801,0.726941
0.48,0.04,0.771052,0.717727
0.48,0.06,0.763379,0.708629
0.48,0.08,0.755784,0.699647
0.48,0.1,0.748264,0.690779
0.48,0.12,0.740818,0.682023
0.48,0.14,0.733447,0.673378
0.48,0.16,0.726149,0.664843
0.48,0.18,0.718924,0.656416
0.48,0.2,0.71177,0.648095
0.48,0.22,0.704688,0.639881
0.48,0.24,0.697676,0.63177
0.48,0.26,0.690734,0.623762
0.48,0.28,0.683861,0.615856
0.48,0.3,0.677057,0.608049
0.48,0.32,0.67032,0.600342
0.48,0.34,0.66365,0.592733
0.48,0.36,0.657047,0.585219
0.48,0.38,0.650509,0.577802
0.48,0.4,0.644036,0.570478
0.48,0.42,0.637628,0.563247
0.48,0.44,0.631284,0.556107
0.48,0.46,0.625002,0.549058
0.48,0.48,0.618783,0.542099
0.48,0.5,0.612626,0.535228
0.48,0.52,0.606531,0.528443
0.48,0.54,0.600496,0.521745
0.48,0.56,0.594521,0.515132
0.48,0.58,0.588605,0.508602
0.48,0.6,0.582748,0.502156
0.48,0.62,0.57695,0.495791
0.48,0.64,0.571209,0.489506
0.48,0.66,0.565525,0.483302
0.48,0.68,0.559898,0.477176
0.48,0.7,0.554327,0.471127
0.48,0.72,0.548812,0.465156
0.48,0.74,0.543351,0.45926
0.48,0.76,0.537944,0.453438
0.48,0.78,0.532592,0.447691
0.48,0.8,0.527292,0.442016
0.48,0.82,0.522046,0.436413
0.48,0.84,0.516851,0.430882
0.48,0.86,0.511709,0.42542
0.48,0.88,0.506617,0.420028
0.48,0.9,0.501576,0.414704
0.48,0.92,0.496585,0.409447
0.48,0.94,0.491644,0.404257
0.48,0.96,0.486752,0.399133
0.48,0.98,0.481909,0.394074
0.48,1,0.477114,0.389079
0.5,0,0.778801,0.726941
0.5,0.02,0.771052,0.717727
0.5,0.04,0.763379,0.708629
0.5,0.06,0.755784,0.699647
0.5,0.08,0.748264,0.690779
0.5,0.1,0.740818,0.682023
0.5,0.12,0.733447,0.673378
0.5,0.14,0.726149,0.664843
0.5,0.16,0.718924,0.656416
0.5,0.18,0.71177,0.648095
0.5,0.2,0.704688,0.639881
0.5,0.22,0.697676,0.63177
0.5,0.24,0.690734,0.623762
0.5,0.26,0.683861,0.615856
0.5,0.28,0.677057,0.608049
0.5,0.3,0.67032,0.600342
0.5,0.32,0.66365,0.592733
0.5,0.34,0.657047,0.585219
0.5,0.36,0.650509,0.577802
0.5,0.38,0.644036,0.570478
0.5,0.4,0.637628,0.563247
0.5,0.42,0.631284,0.556107
0.5,0.44,0.625002,0.549058
0.5,0.46,0.618783,0.542099
0.5,0.48,0.612626,0.535228
0.5,0.5,0.606531,0.528443
0.5,0.52,0.600496,0.521745
0.5,0.54,0.594521,0.515132
0.5,0.56,0.588605,0.508602
0.5,0.58,0.582748,0.502156
0.5,0.6,0.57695,0.495791
0.5,0.62,0.571209,0.489506
0.5,0.64,0.565525,0.483302
0.5,0.66,0.559898,0.477176
0.5,0.68,0.554327,0.471127
0.5,0.7,0.548812,0.465156
0.5,0.72,0.543351,0.45926
0.5,0.74,0.537944,0.453438
0.5,0.76,0.532592,0.447691
0.5,0.78,0.527292,0.442016
0.5,0.8,0.522046,0.436413
0.5,0.82,0.516851,0.430882
0.5,0.84,0.511709,0.42542
0.5,0.86,0.506617,0.420028
0.5,0.88,0.501576,0.414704
0.5,0.9,0.496585,0.409447
0.5,0.92,0.491644,0.404257
0.5,0.94,0.486752,0.399133
0.5,0.96,0.481909,0.394074
0.5,0.98,0.477114,0.389079
0.5,1,0.472367,0.384147
0.52,0,0.771052,0.717727
0.52,0.02,0.763379,0.708629
0.52,0.04,0.755784,0.699647
0.52,0.06,0.748264,0.690779
0.52,0.08,0.740818,0.682023
0.52,0.1,0.733447,0.673378
0.52,0.12,0.726149,0.664843
0.52,0.14,0.718924,0.656416
0.52,0.16,0.71177,0.648095
0.52,0.18,0.704688,0.639881
0.52,0.2,0.697676,0.63177
0.52,0.22,0.690734,0.623762
0.52,0.24,0.683861,0.615856
0.52,0.26,0.677057,0.608049
0.52,0.28,0.67032,0.600342
0.52,0.3,0.66365,0.592733
0.52,0.32,0.657047,0.585219
0.52,0.34,0.650509,0.577802
0.52,0.36,0.644036,0.570478
0.52,0.38,0.637628,0.563247
0.52,0.4,0.631284,0.556107
0.52,0.42,0.625002,0.549058
0.52,0.44,0.618783,0.542099
0.52,0.46,0.612626,0.535228
0.52,0.48,0.606531,0.528443
0.52,0.5,0.600496,0.521745
0.52,0.52,0.594521,0.515132
0.52,0.54,0.588605,0.508602
0.52,0.56,0.582748,0.502156
0.52,0.58,0.57695,0.495791
0.52,0.6,0.571209,0.489506
0.52,0.62,0.565525,0.483302
0.52,0.64,0.559898,0.477176
0.52,0.66,0.554327,0.471127
0.52,0.68,0.548812,0.465156
0.52,0.7,0.543351,0.45926
0.52,0.72,0.537944,0.453438
0.52,0.74,0.532592,0.447691
0.52,0.76,0.527292,0.442016
0.52,0.78,0.522046,0.436413
0.52,0.8,0.516851,0.430882
0.52,0.82,0.511709,0.42542
0.52,0.84,0.506617,0.420028
0.52,0.86,0.501576,0.414704
0.52,0.88,0.496585,0.409447
0.52,0.9,0.491644,0.404257
0.52,0.92,0.486752,0.399133
0.52,0.94,0.481909,0.394074
0.52,0.96,0.477114,0.389079
0.52,0.98,0.472367,0.384147
0.52,1,0.467666,0.379278
0.54,0,0.763379,0.708629
0.54,0.02,0.755784,0.699647
0.54,0.04,0.748264,0.690779
0.54,0.06,0.740818,0.682023
0.54,0.08,0.733447,0.673378
0.54,0.1,0.726149,0.664843
0.54,0.12,0.718924,0.656416
0.54,0.14,0.71177,0.648095
0.54,0.16,0.704688,0.639881
0.54,0.18,0.697676,0.63177
0.54,0.2,0.690734,0.623762
0.54,0.22,0.683861,0.615856
0.54,0.24,0.677057,0.608049
0.54,0.26,0.67032,0.600342
0.54,0.28,0.66365,0.592733
0.54,0.3,0.657047,0.585219
0.54,0.32,0.650509,0.577802
0.54,0.34,0.644036,0.570478
0.54,0.36,0.637628,0.563247
0.54,0.38,0.631284,0.556107
0.54,0.4,0.625002,0.549058
0.54,0.42,0.618783,0.542099
0.54,0.44,0.612626,0.535228
0.54,0.46,0.606531,0.528443
0.54,0.48,0.600496,0.521745
0.54,0.5,0.594521,0.515132
0.54,0.52,0.588605,0.508602
0.54,0.54,0.582748,0.502156
0.54,0.56,0.57695,0.495791
0.54,0.58,0.571209,0.489506
0.54,0.6,0.565525,0.483302
0.54,0.62,0.559898,0.477176
0.54,0.64,0.554327,0.471127
0.54,0.66,0.548812,0.465156
0.54,0.68,0.543351,0.45926
0.54,0.7,0.537944,0.453438
0.54,0.72,0.532592,0.447691
0.54,0.74,0.527292,0.442016
0.54,0.76,0.522046,0.436413
0.54,0.78,0.516851,0.430882
0.54,0.8,0.511709,0.42542
0.54,0.82,0.506617,0.420028
0.54,0.84,0.501576,0.414704
0.54,0.86,0.496585,0.409447
0.54,0.88,0.491644,0.404257
0.54,0.9,0.486752,0.399133
0.54,0.92,0.481909,0.394074
0.54,0.94,0.477114,0.389079
0.54,0.96,0.472367,0.384147
0.54,0.98,0.467666,0.379278
0.54,1,0.463013,0.374471
0.56,0,0.755784,0.699647
0.56,0.02,0.748264,0.690779
0.56,0.04,0.740818,0.682023
0.56,0.06,0.733447,0.673378
0.56,0.08,0.726149,0.664843
0.56,0.1,0.718924,0.656416
0.56,0.12,0.71177,0.648095
0.56,0.14,0.704688,0.639881
0.56,0.16,0.697676,0.63177
0.56,0.18,0.690734,0.623762
0.56,0.2,0.683861,0.615856
0.56,0.22,0.677057,0.608049
0.56,0.24,0.67032,0.600342
0.56,0.26,0.66365,0.592733
0.56,0.28,0.657047,0.585219
0.56,0.3,0.650509,0.577802
0.56,0.32,0.644036,0.570478
0.56,0.34,0.637628,0.563247
0.56,0.36,0.631284,0.556107
0.56,0.38,0.625002,0.549058
0.56,0.4,0.618783,0.542099
0.56,0.42,0.612626,0.535228
0.56,0.44,0.606531,0.528443
0.56,0.46,0.600496,0.521745
0.56,0.48,0.594521,0.515132
0.56,0.5,0.588605,0.508602
0.56,0.52,0.582748,0.502156
0.56,0.54,0.57695,0.495791
0.56,0.56,0.571209,0.489506
0.56,0.58,0.565525,0.483302
0.56,0.6,0.559898,0.477176
0.56,0.62,0.554327,0.471127
0.56,0.64,0.548812,0.465156
0.56,0.66,0.543351,0.45926
0.56,0.68,0.537944,0.453438
0.56,0.7,0.532592,0.447691
0.56,0.72,0.527292,0.442016
0.56,0.74,0.522046,0.436413
0.56,0.76,0.516851,0.430882
0.56,0.78,0.511709,0.42542
0.56,0.8,0.506617,0.420028
0.56,0.82,0.501576,0.414704
0.56,0.84,0.496585,0.409447
0.56,0.86,0.491644,0.404257
0.56,0.88,0.486752,0.399133
0.56,0.9,0.481909,0.394074
0.56,0.92,0.477114,0.389079
0.56,0.94,0.472367,0.384147
0.56,0.96,0.467666,0.379278
0.56,0.98,0.463013,0.374471
0.56,1,0.458406,0.369724
0.58,0,0.748264,0.690779
0.58,0.02,0.740818,0.682023
0.58,0.04,0.733447,0.673378
0.58,0.06,0.726149,0.664843
0.58,0.08,0.718924,0.656416
0.58,0.1,0.71177,0.648095
0.58,0.12,0.704688,0.639881
0.58,0.14,0.697676,0.63177
0.58,0.16,0.690734,0.623762
0.58,0.18,0.683861,0.615856
0.58,0.2,0.677057,0.608049
0.58,0.22,0.67032,0.600342
0.58,0.24,0.66365,0.592733
0.58,0.26,0.657047,0.585219
0.58,0.28,0.650509,0.577802
0.58,0.3,0.644036,0.570478
0.58,0.32,0.637628,0.563247
0.58,0.34,0.631284,0.556107
0.58,0.36,0.625002,0.549058
0.58,0.38,0.618783,0.542099
0.58,0.4,0.612626,0.535228
0.58,0.42,0.606531,0.528443
0.58,0.44,0.600496,0.521745
0.58,0.46,0.594521,0.515132
0.58,0.48,0.588605,0.508602
0.58,0.5,0.582748,0.502156
0.58,0.52,0.57695,0.495791
0.58,0.54,0.571209,0.489506
0.58,0.56,0.565525,0.483302
0.58,0.58,0.559898,0.477176
0.58,0.6,0.554327,0.471127
0.58,0.62,0.548812,0.465156
0.58,0.64,0.543351,0.45926
0.58,0.66,0.537944,0.453438
0.58,0.68,0.532592,0.447691
0.58,0.7,0.527292,0.442016
0.58,0.72,0.522046,0.436413
0.58,0.74,0.516851,0.430882
0.58,0.76,0.511709,0.42542
0.58,0.78,0.506617,0.420028
0.58,0.8,0.501576,0.414704
0.58,0.82,0.496585,0.409447
0.58,0.84,0.491644,0.404257
0.58,0.86,0.486752,0.399133
0.58,0.88,0.481909,0.394074
0.58,0.9,0.477114,0.389079
0.58,0.92,0.472367,0.384147
0.58,0.94,0.467666,0.379278
0.58,0.96,0.463013,0.374471
0.58,0.98,0.458406,0.369724
0.58,1,0.453845,0.365038
0.6,0,0.740818,0.682023
0.6,0.02,0.733447,0.673378
0.6,0.04,0.726149,0.664843
0.6,0.06,0.718924,0.656416
0.6,0.08,0.71177,0.648095
0.6,0.1,0.704688,0.639881
0.6,0.12,0.697676,0.63177
0.6,0.14,0.690734,0.623762
0.6,0.16,0.683861,0.615856
0.6,0.18,0.677057,0.608049
0.6,0.2,0.67032,0.600342
0.6,0.22,0.66365,0.592733
0.6,0.24,0.657047,0.585219
0.6,0.26,0.650509,0.577802
0.6,0.28,0.644036,0.570478
0.6,0.3,0.637628,0.563247
0.6,0.32,0.631284,0.556107
0.6,0.34,0.625002,0.549058
0.6,0.36,0.618783,0.542099
0.6,0.38,0.612626,0.535228
0.6,0.4,0.606531,0.528443
0.6,0.42,0.600496,0.521745
0.6,0.44,0.594521,0.515132
0.6,0.46,0.588605,0.508602
0.6,0.48,0.582748,0.502156
0.6,0.5,0.57695,0.495791
0.6,0.52,0.571209,0.489506
0.6,0.54,0.565525,0.483302
0.6,0.56,0.559898,0.477176
0.6,0.58,0.554327,0.471127
0.6,0.6,0.548812,0.465156
0.6,0.62,0.543351,0.45926
0.6,0.64,0.537944,0.453438
0.6,0.66,0.532592,0.447691
0.6,0.68,0.527292,0.442016
0.6,0.7,0.522046,0.436413
0.6,0.72,0.516851,0.430882
0.6,0.74,0.511709,0.42542
0.6,0.76,0.506617,0.420028
0.6,0.78,0.501576,0.414704
0.6,0.8,0.496585,0.409447
0.6,0.82,0.491644,0.404257
0.6,0.84,0.486752,0.399133
0.6,0.86,0.481909,0.394074
0.6,0.88,0.477114,0.389079
0.6,0.9,0.472367,0.384147
0.6,0.92,0.467666,0.379278
0.6,0.94,0.463013,0.374471
0.6,0.96,0.458406,0.369724
0.6,0.98,0.453845,0.365038
0.6,1,0.449329,0.360411
0.62,0,0.733447,0.673378
0.62,0.02,0.726149,0.664843
0.62,0.04,0.718924,0.656416
0.62,0.06,0.71177,0.648095
0.62,0.08,0.704688,0.639881
0.62,0.1,0.697676,0.63177
0.62,0.12,0.690734,0.623762
0.62,0.14,0.683861,0.615856
0.62,0.16,0.677057,0.608049
0.62,0.18,0.67032,0.600342
0.62,0.2,0.66365,0.592733
0.62,0.22,0.657047,0.585219
0.62,0.24,0.650509,0.577802
0.62,0.26,0.644036,0.570478
0.62,0.28,0.637628,0.563247
0.62,0.3,0.631284,0.556107
0.62,0.32,0.625002,0.549058
0.62,0.34,0.618783,0.542099
0.62,0.36,0.612626,0.535228
0.62,0.38,0.606531,0.528443
0.62,0.4,0.600496,0.521745
0.62,0.42,0.594521,0.515132
0.62,0.44,0.588605,0.508602
0.62,0.46,0.582748,0.502156
0.62,0.48,0.57695,0.495791
0.62,0.5,0.571209,0.489506
0.62,0.52,0.565525,0.483302
0.62,0.54,0.559898,0.477176
0.62,0.56,0.554327,0.471127
0.62,0.58,0.548812,0.465156
0.62,0.6,0.543351,0.45926
0.62,0.62,0.537944,0.453438
0.62,0.64,0.532592,0.447691
0.62,0.66,0.527292,0.442016
0.62,0.68,0.522046,0.436413
0.62,0.7,0.516851,0.430882
0.62,0.72,0.511709,0.42542
0.62,0.74,0.506617,0.420028
0.62,0.76,0.501576,0.414704
0.62,0.78,0.496585,0.409447
0.62,0.8,0.491644,0.404257
0.62,0.82,0.486752,0.399133
0.62,0.84,0.481909,0.394074
0.62,0.86,0.477114,0.389079
0.62,0.88,0.472367,0.384147
0.62,0.9,0.467666,0.379278
0.62,0.92,0.463013,0.374471
0.62,0.94,0.458406,0.369724
0.62,0.96,0.453845,0.365038
0.62,0.98,0.449329,0.360411
0.62,1,0.444858,0.355842
0.64,0,0.726149,0.664843
0.64,0.02,0.718924,0.656416
0.64,0.04,0.71177,0.648095
0.64,0.06,0.704688,0.639881
0.64,0.08,0.697676,0.63177
0.64,0.1,0.690734,0.623762
0.64,0.12,0.683861,0.615856
0.64,0.14,0.677057,0.608049
0.64,0.16,0.67032,0.600342
0.64,0.18,0.66365,0.592733
0.64,0.2,0.657047,0.585219
0.64,0.22,0.650509,0.577802
0.64,0.24,0.644036,0.570478
0.64,0.26,0.637628,0.563247
0.64,0.28,0.631284,0.556107
0.64,0.3,0.625002,0.549058
0.64,0.32,0.618783,0.542099
0.64,0.34,0.612626,0.535228
0.64,0.36,0.606531,0.528443
0.64,0.38,0.600496,0.521745
0.64,0.4,0.594521,0.515132
0.64,0.42,0.588605,0.508602
0.64,0.44,0.582748,0.502156
0.64,0.46,0.57695,0.495791
0.64,0.48,0.571209,0.489506
0.64,0.5,0.565525,0.483302
0.64,0.52,0.559898,0.477176
0.64,0.54,0.554327,0.471127
0.64,0.56,0.548812,0.465156
0.64,0.58,0.543351,0.45926
0.64,0.6,0.537944,0.453438
0.64,0.62,0.532592,0.447691
0.64,0.64,0.527292,0.442016
0.64,0.66,0.522046,0.436413
0.64,0.68,0.516851,0.430882
0.64,0.7,0.511709,0.42542
0.64,0.72,0.506617,0.420028
0.64,0.74,0.501576,0.414704
0.64,0.76,0.496585,0.409447
0.64,0.78,0.491644,0.404257
0.64,0.8,0.486752,0.399133
0.64,0.82,0.481909,0.394074
0.64,0.84,0.477114,0.389079
0.64,0.86,0.472367,0.384147
0.64,0.88,0.467666,0.379278
0.64,0.9,0.463013,0.374471
0.64,0.92,0.458406,0.369724
0.64,0.94,0.453845,0.365038
0.64,0.96,0.449329,0.360411
0.64,0.98,0.444858,0.355842
0.64,1,0.440432,0.351332
0.66,0,0.718924,0.656416
0.66,0.02,0.71177,0.648095
0.66,0.04,0.704688,0.639881
0.66,0.06,0.697676,0.63177
0.66,0.08,0.690734,0.623762
0.66,0.1,0.683861,0.615856
0.66,0.12,0.677057,0.608049
0.66,0.14,0.67032,0.600342
0.66,0.16,0.66365,0.592733
0.66,0.18,0.657047,0.585219
0.66,0.2,0.650509,0.577802
0.66,0.22,0.644036,0.570478
0.66,0.24,0.637628,0.563247
0.66,0.26,0.631284,0.556107
0.66,0.28,0.625002,0.549058
0.66,0.3,0.618783,0.542099
0.66,0.32,0.612626,0.535228
0.66,0.34,0.606531,0.528443
0.66,0.36,0.600496,0.521745
0.66,0.38,0.594521,0.515132
0.66,0.4,0.588605,0.508602
0.66,0.42,0.582748,0.502156
0.66,0.44,0.57695,0.495791
0.66,0.46,0.571209,0.489506
0.66,0.48,0.565525,0.483302
0.66,0.5,0.559898,0.477176
0.66,0.52,0.554327,0.471127
0.66,0.54,0.548812,0.465156
0.66,0.56,0.543351,0.45926
0.66,0.58,0.537944,0.453438
0.66,0.6,0.532592,0.447691
0.66,0.62,0.527292,0.442016
0.66,0.64,0.522046,0.436413
0.66,0.66,0.516851,0.430882
0.66,0.68,0.511709,0.42542
0.66,0.7,0.506617,0.420028
0.66,0.72,0.501576,0.414704
0.66,0.74,0.496585,0.409447
0.66,0.76,0.491644,0.404257
0.66,0.78,0.486752,0.399133
0.66,0.8,0.481909,0.394074
0.66,0.82,0.477114,0.389079
0.66,0.84,0.472367,0.384147
0.66,0.86,0.467666,0.379278
0.66,0.88,0.463013,0.374471
0.66,0.9,0.458406,0.369724
0.66,0.92,0.453845,0.365038
0.66,0.94,0.449329,0.360411
0.66,0.96,0.444858,0.355842
0.66,0.98,0.440432,0.351332
0.66,1,0.436049,0.346879
0.68,0,0.71177,0.648095
0.68,0.02,0.704688,0.639881
0.68,0.04,0.697676,0.63177
0.68,0.06,0.690734,0.623762
0.68,0.08,0.683861,0.615856
0.68,0.1,0.677057,0.608049
0.68,0.12,0.67032,0.600342
0.68,0.14,0.66365,0.592733
0.68,0.16,0.657047,0.585219
0.68,0.18,0.650509,0.577802
0.68,0.2,0.644036,0.570478
0.68,0.22,0.637628,0.563247
0.68,0.24,0.631284,0.556107
0.68,0.26,0.625002,0.549058
0.68,0.28,0.618783,0.542099
0.68,0.3,0.612626,0.535228
0.68,0.32,0.606531,0.528443
0.68,0.34,0.600496,0.521745
0.68,0.36,0.594521,0.515132
0.68,0.38,0.588605,0.508602
0.68,0.4,0.582748,0.502156
0.68,0.42,0.57695,0.495791
0.68,0.44,0.571209,0.489506
0.68,0.46,0.565525,0.483302
0.68,0.48,0.559898,0.477176
0.68,0.5,0.554327,0.471127
0.68,0.52,0.548812,0.465156
0.68,0.54,0.543351,0.45926
0.68,0.56,0.537944,0.453438
0.68,0.58,0.532592,0.447691
0.68,0.6,0.527292,0.442016
0.68,0.62,0.522046,0.436413
0.68,0.64,0.516851,0.430882
0.68,0.66,0.511709,0.42542
0.68,0.68,0.506617,0.420028
0.68,0.7,0.501576,0.414704
0.68,0.72,0.496585,0.409447
0.68,0.74,0.491644,0.404257
0.68,0.76,0.486752,0.399133
0.68,0.78,0.481909,0.394074
0.68,0.8,0.477114,0.389079
0.68,0.82,0.472367,0.384147
0.68,0.84,0.467666,0.379278
0.68,0.86,0.463013,0.374471
0.68,0.88,0.458406,0.369724
0.68,0.9,0.453845,0.365038
0.68,0.92,0.449329,0.360411
0.68,0.94,0.444858,0.355842
0.68,0.96,0.440432,0.351332
0.68,0.98,0.436049,0.346879
0.68,1,0.431711,0.342482
0.7,0,0.704688,0.639881
0.7,0.02,0.697676,0.63177
0.7,0.04,0.690734,0.623762
0.7,0.06,0.683861,0.615856
0.7,0.08,0.677057,0.608049
0.7,0.1,0.67032,0.600342
0.7,0.12,0.66365,0.592733
0.7,0.14,0.657047,0.585219
0.7,0.16,0.650509,0.577802
0.7,0.18,0.644036,0.570478
0.7,0.2,0.637628,0.563247
0.7,0.22,0.631284,0.556107
0.7,0.24,0.625002,0.549058
0.7,0.26,0.618783,0.542099
0.7,0.28,0.612626,0.535228
0.7,0.3,0.606531,0.528443
0.7,0.32,0.600496,0.521745
0.7,0.34,0.594521,0.515132
0.7,0.36,0.588605,0.508602
0.7,0.38,0.582748,0.502156
0.7,0.4,0.57695,0.495791
0.7,0.42,0.571209,0.489506
0.7,0.44,0.565525,0.483302
0.7,0.46,0.559898,0.477176
0.7,0.48,0.554327,0.471127
0.7,0.5,0.548812,0.465156
0.7,0.52,0.543351,0.45926
0.7,0.54,0.537944,0.453438
0.7,0.56,0.532592,0.447691
0.7,0.58,0.527292,0.442016
0.7,0.6,0.522046,0.436413
0.7,0.62,0.516851,0.430882
0.7,0.64,0.511709,0.42542
0.7,0.66,0.506617,0.420028
0.7,0.68,0.501576,0.414704
0.7,0.7,0.496585,0.409447
0.7,0.72,0.491644,0.404257
0.7,0.74,0.486752,0.399133
0.7,0.76,0.481909,0.394074
0.7,0.78,0.477114,0.389079
0.7,0.8,0.472367,0.384147
0.7,0.82,0.467666,0.379278
0.7,0.84,0.463013,0.374471
0.7,0.86,0.458406,0.369724
0.7,0.88,0.453845,0.365038
0.7,0.9,0.449329,0.360411
0.7,0.92,0.444858,0.355842
0.7,0.94,0.440432,0.351332
0.7,0.96,0.436049,0.346879
0.7,0.98,0.431711,0.342482
0.7,1,0.427415,0.338141
0.72,0,0.697676,0.63177
0.72,0.02,0.690734,0.623762
0.72,0.04,0.683861,0.615856
0.72,0.06,0.677057,0.608049
0.72,0.08,0.67032,0.600342
0.72,0.1,0.66365,0.592733
0.72,0.12,0.657047,0.585219
0.72,0.14,0.650509,0.577802
0.72,0.16,0.644036,0.570478
0.72,0.18,0.637628,0.563247
0.72,0.2,0.631284,0.556107
0.72,0.22,0.625002,0.549058
0.72,0.24,0.618783,0.542099
0.72,0.26,0.612626,0.535228
0.72,0.28,0.606531,0.528443
0.72,0.3,0.600496,0.521745
0.72,0.32,0.594521,0.515132
0.72,0.34,0.588605,0.508602
0.72,0.36,0.582748,0.502156
0.72,0.38,0.57695,0.495791
0.72,0.4,0.571209,0.489506
0.72,0.42,0.565525,0.483302
0.72,0.44,0.559898,0.477176
0.72,0.46,0.554327,0.471127
0.72,0.48,0.548812,0.465156
0.72,0.5,0.543351,0.45926
0.72,0.52,0.537944,0.453438
0.72,0.54,0.532592,0.447691
0.72,0.56,0.527292,0.442016
0.72,0.58,0.522046,0.436413
0.72,0.6,0.516851,0.430882
0.72,0.62,0.511709,0.42542
0.72,0.64,0.506617,0.420028
0.72,0.66,0.501576,0.414704
0.72,0.68,0.496585,0.409447
0.72,0.7,0.491644,0.404257
0.72,0.72,0.486752,0.399133
0.72,0.74,0.481909,0.394074
0.72,0.76,0.477114,0.389079
0.72,0.78,0.472367,0.384147
0.72,0.8,0.467666,0.379278
0.72,0.82,0.463013,0.374471
0.72,0.84,0.458406,0.369724
0.72,0.86,0.453845,0.365038
0.72,0.88,0.449329,0.360411
0.72,0.9,0.444858,0.355842
0.72,0.92,0.440432,0.351332
0.72,0.94,0.436049,0.346879
0.72,0.96,0.431711,0.342482
0.72,0.98,0.427415,0.338141
0.72,1,0.423162,0.333855
0.74,0,0.690734,0.623762
0.74,0.02,0.683861,0.615856
0.74,0.04,0.677057,0.608049
0.74,0.06,0.67032,0.600342
0.74,0.08,0.66365,0.592733
0.74,0.1,0.657047,0.585219
0.74,0.12,0.650509,0.577802
0.74,0.14,0.644036,0.570478
0.74,0.16,0.637628,0.563247
0.74,0.18,0.631284,0.556107
0.74,0.2,0.625002,0.549058
0.74,0.22,0.618783,0.542099
0.74,0.24,0.612626,0.535228
0.74,0.26,0.606531,0.528443
0.74,0.28,0.600496,0.521745
0.74,0.3,0.594521,0.515132
0.74,0.32,0.588605,0.508602
0.74,0.34,0.582748,0.502156
0.74,0.36,0.57695,0.495791
0.74,0.38,0.571209,0.489506
0.74,0.4,0.565525,0.483302
0.74,0.42,0.559898,0.477176
0.74,0.44,0.554327,0.471127
0.74,0.46,0.548812,0.465156
0.74,0.48,0.543351,0.45926
0.74,0.5,0.537944,0.453438
0.74,0.52,0.532592,0.447691
0.74,0.54,0.527292,0.442016
0.74,0.56,0.522046,0.436413
0.74,0.58,0.516851,0.430882
0.74,0.6,0.511709,0.42542
0.74,0.62,0.506617,0.420028
0.74,0.64,0.501576,0.414704
0.74,0.66,0.496585,0.409447
0.74,0.68,0.491644,0.404257
0.74,0.7,0.486752,0.399133
0.74,0.72,0.481909,0.394074
0.74,0.74,0.477114,0.389079
0.74,0.76,0.472367,0.384147
0.74,0.78,0.467666,0.379278
0.74,0.8,0.463013,0.374471
0.74,0.82,0.458406,0.369724
0.74,0.84,0.453845,0.365038
0.74,0.86,0.449329,0.360411
0.74,0.88,0.444858,0.355842
0.74,0.9,0.440432,0.351332
0.74,0.92,0.436049,0.346879
0.74,0.94,0.431711,0.342482
0.74,0.96,0.427415,0.338141
0.74,0.98,0.423162,0.333855
0.74,1,0.418952,0.329623
0.76,0,0.683861,0.615856
0.76,0.02,0.677057,0.608049
0.76,0.04,0.67032,0.600342
0.76,0.06,0.66365,0.592733
0.76,0.08,0.657047,0.585219
0.76,0.1,0.650509,0.577802
0.76,0.12,0.644036,0.570478
0.76,0.14,0.637628,0.563247
0.76,0.16,0.631284,0.556107
0.76,0.18,0.625002,0.549058
0.76,0.2,0.618783,0.542099
0.76,0.22,0.612626,0.535228
0.76,0.24,0.606531,0.528443
0.76,0.26,0.600496,0.521745
0.76,0.28,0.594521,0.515132
0.76,0.3,0.588605,0.508602
0.76,0.32,0.582748,0.502156
0.76,0.34,0.57695,0.495791
0.76,0.36,0.571209,0.489506
0.76,0.38,0.565525,0.483302
0.76,0.4,0.559898,0.477176
0.76,0.42,0.554327,0.471127
0.76,0.44,0.548812,0.465156
0.76,0.46,0.543351,0.45926
0.76,0.48,0.537944,0.453438
0.76,0.5,0.532592,0.447691
0.76,0.52,0.527292,0.442016
0.76,0.54,0.522046,0.436413
0.76,0.56,0.516851,0.430882
0.76,0.58,0.511709,0.42542
0.76,0.6,0.506617,0.420028
0.76,0.62,0.501576,0.414704
0.76,0.64,0.496585,0.409447
0.76,0.66,0.491644,0.404257
0.76,0.68,0.486752,0.399133
0.76,0.7,0.481909,0.394074
0.76,0.72,0.477114,0.389079
0.76,0.74,0.472367,0.384147
0.76,0.76,0.467666,0.379278
0.76,0.78,0.463013,0.374471
0.76,0.8,0.458406,0.369724
0.76,0.82,0.453845,0.365038
0.76,0.84,0.449329,0.360411
0.76,0.86,0.444858,0.355842
0.76,0.88,0.440432,0.351332
0.76,0.9,0.436049,0.346879
0.76,0.92,0.431711,0.342482
0.76,0.94,0.427415,0.338141
0.76,0.96,0.423162,0.333855
0.76,0.98,0.418952,0.329623
0.76,1,0.414783,0.325445
0.78,0,0.677057,0.608049
0.78,0.02,0.67032,0.600342
0.78,0.04,0.66365,0.592733
0.78,0.06,0.657047,0.585219
0.78,0.08,0.650509,0.577802
0.78,0.1,0.644036,0.570478
0.78,0.12,0.637628,0.563247
0.78,0.14,0.631284,0.556107
0.78,0.16,0.625002,0.549058
0.78,0.18,0.618783,0.542099
0.78,0.2,0.612626,0.535228
0.78,0.22,0.606531,0.528443
0.78,0.24,0.600496,0.521745
0.78,0.26,0.594521,0.515132
0.78,0.28,0.588605,0.508602
0.78,0.3,0.582748,0.502156
0.78,0.32,0.57695,0.495791
0.78,0.34,0.571209,0.489506
0.78,0.36,0.565525,0.483302
0.78,0.38,0.559898,0.477176
0.78,0.4,0.554327,0.471127
0.78,0.42,0.548812,0.465156
0.78,0.44,0.543351,0.45926
0.78,0.46,0.537944,0.453438
0.78,0.48,0.532592,0.447691
0.78,0.5,0.527292,0.442016
0.78,0.52,0.522046,0.436413
0.78,0.54,0.516851,0.430882
0.78,0.56,0.511709,0.42542
0.78,0.58,0.506617,0.420028
0.78,0.6,0.501576,0.414704
0.78,0.62,0.496585,0.409447
0.78,0.64,0.491644,0.404257
0.78,0.66,0.486752,0.399133
0.78,0.68,0.481909,0.394074
0.78,0.7,0.477114,0.389079
0.78,0.72,0.472367,0.384147
0.78,0.74,0.467666,0.379278
0.78,0.76,0.463013,0.374471
0.78,0.78,0.458406,0.369724
0.78,0.8,0.453845,0.365038
0.78,0.82,0.449329,0.360411
0.78,0.84,0.444858,0.355842
0.78,0.86,0.440432,0.351332
0.78,0.88,0.436049,0.346879
0.78,0.9,0.431711,0.342482
0.78,0.92,0.427415,0.338141
0.78,0.94,0.423162,0.333855
0.78,0.96,0.418952,0.329623
0.78,0.98,0.414783,0.325445
0.78,1,0.410656,0.32132
0.8,0,0.67032,0.600342
0.8,0.02,0.66365,0.592733
0.8,0.04,0.657047,0.585219
0.8,0.06,0.650509,0.577802
0.8,0.08,0.644036,0.570478
0.8,0.1,0.637628,0.563247
0.8,0.12,0.631284,0.556107
0.8,0.14,0.625002,0.549058
0.8,0.16,0.618783,0.542099
0.8,0.18,0.612626,0.535228
0.8,0.2,0.606531,0.528443
0.8,0.22,0.600496,0.521745
0.8,0.24,0.594521,0.515132
0.8,0.26,0.588605,0.508602
0.8,0.28,0.582748,0.502156
0.8,0.3,0.57695,0.495791
0.8,0.32,0.571209,0.489506
0.8,0.34,0.565525,0.483302
0.8,0.36,0.559898,0.477176
0.8,0.38,0.554327,0.471127
0.8,0.4,0.548812,0.465156
0.8,0.42,0.543351,0.45926
0.8,0.44,0.537944,0.453438
0.8,0.46,0.532592,0.447691
0.8,0.48,0.527292,0.442016
0.8,0.5,0.522046,0.436413
0.8,0.52,0.516851,0.430882
0.8,0.54,0.511709,0.42542
0.8,0.56,0.506617,0.420028
0.8,0.58,0.501576,0.414704
0.8,0.6,0.496585,0.409447
0.8,0.62,0.491644,0.404257
0.8,0.64,0.486752,0.399133
0.8,0.66,0.481909,0.394074
0.8,0.68,0.477114,0.389079
0.8,0.7,0.472367,0.384147
0.8,0.72,0.467666,0.379278
0.8,0.74,0.463013,0.374471
0.8,0.76,0.458406,0.369724
0.8,0.78,0.453845,0.365038
0.8,0.8,0.449329,0.360411
0.8,0.82,0.444858,0.355842
0.8,0.84,0.440432,0.351332
0.8,0.86,0.436049,0.346879
0.8,0.88,0.431711,0.342482
0.8,0.9,0.427415,0.338141
0.8,0.92,0.423162,0.333855
0.8,0.94,0.418952,0.329623
0.8,0.96,0.414783,0.325445
0.8,0.98,0.410656,0.32132
0.8,1,0.40657,0.317247
0.82,0,0.66365,0.592733
0.82,0.02,0.657047,0.585219
0.82,0.04,0.650509,0.577802
0.82,0.06,0.644036,0.570478
0.82,0.08,0.637628,0.563247
0.82,0.1,0.631284,0.556107
0.82,0.12,0.625002,0.549058
0.82,0.14,0.618783,0.542099
0.82,0.16,0.612626,0.535228
0.82,0.18,0.606531,0.528443
0.82,0.2,0.600496,0.521745
0.82,0.22,0.594521,0.515132
0.82,0.24,0.588605,0.508602
0.82,0.26,0.582748,0.502156
0.82,0.28,0.57695,0.495791
0.82,0.3,0.571209,0.489506
0.82,0.32,0.565525,0.483302
0.82,0.34,0.559898,0.477176
0.82,0.36,0.554327,0.471127
0.82,0.38,0.548812,0.465156
0.82,0.4,0.543351,0.45926
0.82,0.42,0.537944,0.453438
0.82,0.44,0.532592,0.447691
0.82,0.46,0.527292,0.442016
0.82,0.48,0.522046,0.436413
0.82,0.5,0.516851,0.430882
0.82,0.52,0.511709,0.42542
0.82,0.54,0.506617,0.420028
0.82,0.56,0.501576,0.414704
0.82,0.58,0.496585,0.409447
0.82,0.6,0.491644,0.404257
0.82,0.62,0.486752,0.399133
0.82,0.64,0.481909,0.394074
0.82,0.66,0.477114,0.389079
0.82,0.68,0.472367,0.384147
0.82,0.7,0.467666,0.379278
0.82,0.72,0.463013,0.374471
0.82,0.74,0.458406,0.369724
0.82,0.76,0.453845,0.365038
0.82,0.78,0.449329,0.360411
0.82,0.8,0.444858,0.355842
0.82,0.82,0.440432,0.351332
0.82,0.84,0.436049,0.346879
0.82,0.86,0.431711,0.342482
0.82,0.88,0.427415,0.338141
0.82,0.9,0.423162,0.333855
0.82,0.92,0.418952,0.329623
0.82,0.94,0.414783,0.325445
0.82,0.96,0.410656,0.32132
0.82,0.98,0.40657,0.317247
0.82,1,0.402524,0.313226
0.84,0,0.657047,0.585219
0.84,0.02,0.650509,0.577802
0.84,0.04,0.644036,0.570478
0.84,0.06,0.637628,0.563247
0.84,0.08,0.631284,0.556107
0.84,0.1,0.625002,0.549058
0.84,0.12,0.618783,0.542099
0.84,0.14,0.612626,0.535228
0.84,0.16,0.606531,0.528443
0.84,0.18,0.600496,0.521745
0.84,0.2,0.594521,0.515132
0.84,0.22,0.588605,0.508602
0.84,0.24,0.582748,0.502156
0.84,0.26,0.57695,0.495791
0.84,0.28,0.571209,0.489506
0.84,0.3,0.565525,0.483302
0.84,0.32,0.559898,0.477176
0.84,0.34,0.554327,0.471127
0.84,0.36,0.548812,0.465156
0.84,0.38,0.543351,0.45926
0.84,0.4,0.537944,0.453438
0.84,0.42,0.532592,0.447691
0.84,0.44,0.527292,0.442016
0.84,0.46,0.522046,0.436413
0.84,0.48,0.516851,0.430882
0.84,0.5,0.511709,0.42542
0.84,0.52,0.506617,0.420028
0.84,0.54,0.501576,0.414704
0.84,0.56,0.496585,0.409447
0.84,0.58,0.491644,0.404257
0.84,0.6,0.486752,0.399133
0.84,0.62,0.481909,0.394074
0.84,0.64,0.477114,0.389079
0.84,0.66,0.472367,0.384147
0.84,0.68,0.467666,0.379278
0.84,0.7,0.463013,0.374471
0.84,0.72,0.458406,0.369724
0.84,0.74,0.453845,0.365038
0.84,0.76,0.449329,0.360411
0.84,0.78,0.444858,0.355842
0.84,0.8,0.440432,0.351332
0.84,0.82,0.436049,0.346879
0.84,0.84,0.431711,0.342482
0.84,0.86,0.427415,0.338141
0.84,0.88,0.423162,0.333855
0.84,0.9,0.418952,0.329623
0.84,0.92,0.414783,0.325445
0.84,0.94,0.410656,0.32132
0.84,0.96,0.40657,0.317247
0.84,0.98,0.402524,0.313226
0.84,1,0.398519,0.309255
0.86,0,0.650509,0.577802
0.86,0.02,0.644036,0.570478
0.86,0.04,0.637628,0.563247
0.86,0.06,0.631284,0.556107
0.86,0.08,0.625002,0.549058
0.86,0.1,0.618783,0.542099
0.86,0.12,0.612626,0.535228
0.86,0.14,0.606531,0.528443
0.86,0.16,0.600496,0.521745
0.86,0.18,0.594521,0.515132
0.86,0.2,0.588605,0.508602
0.86,0.22,0.582748,0.502156
0.86,0.24,0.57695,0.495791
0.86,0.26,0.571209,0.489506
0.86,0.28,0.565525,0.483302
0.86,0.3,0.559898,0.477176
0.86,0.32,0.554327,0.471127
0.86,0.34,0.548812,0.465156
0.86,0.36,0.543351,0.45926
0.86,0.38,0.537944,0.453438
0.86,0.4,0.532592,0.447691
0.86,0.42,0.527292,0.442016
0.86,0.44,0.522046,0.436413
0.86,0.46,0.516851,0.430882
0.86,0.48,0.511709,0.42542
0.86,0.5,0.506617,0.420028
0.86,0.52,0.501576,0.414704
0.86,0.54,0.496585,0.409447
0.86,0.56,0.491644,0.404257
0.86,0.58,0.486752,0.399133
0.86,0.6,0.481909,0.394074
0.86,0.62,0.477114,0.389079
0.86,0.64,0.472367,0.384147
0.86,0.66,0.467666,0.379278
0.86,0.68,0.463013,0.374471
0.86,0.7,0.458406,0.369724
0.86,0.72,0.453845,0.365038
0.86,0.74,0.449329,0.360411
0.86,0.76,0.444858,0.355842
0.86,0.78,0.440432,0.351332
0.86,0.8,0.436049,0.346879
0.86,0.82,0.431711,0.342482
0.86,0.84,0.427415,0.338141
0.86,0.86,0.423162,0.333855
0.86,0.88,0.418952,0.329623
0.86,0.9,0.414783,0.325445
0.86,0.92,0.410656,0.32132
0.86,0.94,0.40657,0.317247
0.86,0.96,0.402524,0.313226
0.86,0.98,0.398519,0.309255
0.86,1,0.394554,0.305335
0.88,0,0.644036,0.570478
0.88,0.02,0.637628,0.563247
0.88,0.04,0.631284,0.556107
0.88,0.06,0.625002,0.549058
0.88,0.08,0.618783,0.542099
0.88,0.1,0.612626,0.535228
0.88,0.12,0.606531,0.528443
0.88,0.14,0.600496,0.521745
0.88,0.16,0.594521,0.515132
0.88,0.18,0.588605,0.508602
0.88,0.2,0.582748,0.502156
0.88,0.22,0.57695,0.495791
0.88,0.24,0.571209,0.489506
0.88,0.26,0.565525,0.483302
0.88,0.28,0.559898,0.477176
0.88,0.3,0.554327,0.471127
0.88,0.32,0.548812,0.465156
0.88,0.34,0.543351,0.45926
0.88,0.36,0.537944,0.453438
0.88,0.38,0.532592,0.447691
0.88,0.4,0.527292,0.442016
0.88,0.42,0.522046,0.436413
0.88,0.44,0.516851,0.430882
0.88,0.46,0.511709,0.42542
0.88,0.48,0.506617,0.420028
0.88,0.5,0.501576,0.414704
0.88,0.52,0.496585,0.409447
0.88,0.54,0.491644,0.404257
0.88,0.56,0.486752,0.399133
0.88,0.58,0.481909,0.394074
0.88,0.6,0.477114,0.389079
0.88,0.62,0.472367,0.384147
0.88,0.64,0.467666,0.379278
0.88,0.66,0.463013,0.374471
0.88,0.68,0.458406,0.369724
0.88,0.7,0.453845,0.365038
0.88,0.72,0.449329,0.360411
0.88,0.74,0.444858,0.355842
0.88,0.76,0.440432,0.351332
0.88,0.78,0.436049,0.346879
0.88,0.8,0.431711,0.342482
0.88,0.82,0.427415,0.338141
0.88,0.84,0.423162,0.333855
0.88,0.86,0.418952,0.329623
0.88,0.88,0.414783,0.325445
0.88,0.9,0.410656,0.32132
0.88,0.92,0.40657,0.317247
0.88,0.94,0.402524,0.313226
0.88,0.96,0.398519,0.309255
0.88,0.98,0.394554,0.305335
0.88,1,0.390628,0.301465
0.9,0,0.637628,0.563247
0.9,0.02,0.631284,0.556107
0.9,0.04,0.625002,0.549058
0.9,0.06,0.618783,0.542099
0.9,0.08,0.612626,0.535228
0.9,0.1,0.606531,0.528443
0.9,0.12,0.600496,0.521745
0.9,0.14,0.594521,0.515132
0.9,0.16,0.588605,0.508602
0.9,0.18,0.582748,0.502156
0.9,0.2,0.57695,0.495791
0.9,0.22,0.571209,0.489506
0.9,0.24,0.565525,0.483302
0.9,0.26,0.559898,0.477176
0.9,0.28,0.554327,0.471127
0.9,0.3,0.548812,0.465156
0.9,0.32,0.543351,0.45926
0.9,0.34,0.537944,0.453438
0.9,0.36,0.532592,0.447691
0.9,0.38,0.527292,0.442016
0.9,0.4,0.522046,0.436413
0.9,0.42,0.516851,0.430882
0.9,0.44,0.511709,0.42542
0.9,0.46,0.506617,0.420028
0.9,0.48,0.501576,0.414704
0.9,0.5,0.496585,0.409447
0.9,0.52,0.491644,0.404257
0.9,0.54,0.486752,0.399133
0.9,0.56,0.481909,0.394074
0.9,0.58,0.477114,0.389079
0.9,0.6,0.472367,0.384147
0.9,0.62,0.467666,0.379278
0.9,0.64,0.463013,0.374471
0.9,0.66,0.458406,0.369724
0.9,0.68,0.453845,0.365038
0.9,0.7,0.449329,0.360411
0.9,0.72,0.444858,0.355842
0.9,0.74,0.440432,0.351332
0.9,0.76,0.436049,0.346879
0.9,0.78,0.431711,0.342482
0.9,0.8,0.427415,0.338141
0.9,0.82,0.423162,0.333855
0.9,0.84,0.418952,0.329623
0.9,0.86,0.414783,0.325445
0.9,0.88,0.410656,0.32132
0.9,0.9,0.40657,0.317247
0.9,0.92,0.402524,0.313226
0.9,0.94,0.398519,0.309255
0.9,0.96,0.394554,0.305335
0.9,0.98,0.390628,0.301465
0.9,1,0.386741,0.297644
0.92,0,0.631284,0.556107
0.92,0.02,0.625002,0.549058
0.92,0.04,0.618783,0.542099
0.92,0.06,0.612626,0.535228
0.92,0.08,0.606531,0.528443
0.92,0.1,0.600496,0.521745
0.92,0.12,0.594521,0.515132
0.92,0.14,0.588605,0.508602
0.92,0.16,0.582748,0.502156
0.92,0.18,0.57695,0.495791
0.92,0.2,0.571209,0.489506
0.92,0.22,0.565525,0.483302
0.92,0.24,0.559898,0.477176
0.92,0.26,0.554327,0.471127
0.92,0.28,0.548812,0.465156
0.92,0.3,0.543351,0.45926
0.92,0.32,0.537944,0.453438
0.92,0.34,0.532592,0.447691
0.92,0.36,0.527292,0.442016
0.92,0.38,0.522046,0.436413
0.92,0.4,0.516851,0.430882
0.92,0.42,0.511709,0.42542
0.92,0.44,0.506617,0.420028
0.92,0.46,0.501576,0.414704
0.92,0.48,0.496585,0.409447
0.92,0.5,0.491644,0.404257
0.92,0.52,0.486752,0.399133
0.92,0.54,0.481909,0.394074
0.92,0.56,0.477114,0.389079
0.92,0.58,0.472367,0.384147
0.92,0.6,0.467666,0.379278
0.92,0.62,0.463013,0.374471
0.92,0.64,0.458406,0.369724
0.92,0.66,0.453845,0.365038
0.92,0.68,0.449329,0.360411
0.92,0.7,0.444858,0.355842
0.92,0.72,0.440432,0.351332
0.92,0.74,0.436049,0.346879
0.92,0.76,0.431711,0.342482
0.92,0.78,0.427415,0.338141
0.92,0.8,0.423162,0.333855
0.92,0.82,0.418952,0.329623
0.92,0.84,0.414783,0.325445
0.92,0.86,0.410656,0.32132
0.92,0.88,0.40657,0.317247
0.92,0.9,0.402524,0.313226
0.92,0.92,0.398519,0.309255
0.92,0.94,0.394554,0.305335
0.92,0.96,0.390628,0.301465
0.92,0.98,0.386741,0.297644
0.92,1,0.382893,0.293871
0.94,0,0.625002,0.549058
0.94,0.02,0.618783,0.542099
0.94,0.04,0.612626,0.535228
0.94,0.06,0.606531,0.528443
0.94,0.08,0.600496,0.521745
0.94,0.1,0.594521,0.515132
0.94,0.12,0.588605,0.508602
0.94,0.14,0.582748,0.502156
0.94,0.16,0.57695,0.495791
0.94,0.18,0.571209,0.489506
0.94,0.2,0.565525,0.483302
0.94,0.22,0.559898,0.477176
0.94,0.24,0.554327,0.471127
0.94,0.26,0.548812,0.465156
0.94,0.28,0.543351,0.45926
0.94,0.3,0.537944,0.453438
0.94,0.32,0.532592,0.447691
0.94,0.34,0.527292,0.442016
0.94,0.36,0.522046,0.436413
0.94,0.38,0.516851,0.430882
0.94,0.4,0.511709,0.42542
0.94,0.42,0.506617,0.420028
0.94,0.44,0.501576,0.414704
0.94,0.46,0.496585,0.409447
0.94,0.48,0.491644,0.404257
0.94,0.5,0.486752,0.399133
0.94,0.52,0.481909,0.394074
0.94,0.54,0.477114,0.389079
0.94,0.56,0.472367,0.384147
0.94,0.58,0.467666,0.379278
0.94,0.6,0.463013,0.374471
0.94,0.62,0.458406,0.369724
0.94,0.64,0.453845,0.365038
0.94,0.66,0.449329,0.360411
0.94,0.68,0.444858,0.355842
0.94,0.7,0.440432,0.351332
0.94,0.72,0.436049,0.346879
0.94,0.74,0.431711,0.342482
0.94,0.76,0.427415,0.338141
0.94,0.78,0.423162,0.333855
0.94,0.8,0.418952,0.329623
0.94,0.82,0.414783,0.325445
0.94,0.84,0.410656,0.32132
0.94,0.86,0.40657,0.317247
0.94,0.88,0.402524,0.313226
0.94,0.9,0.398519,0.309255
0.94,0.92,0.394554,0.305335
0.94,0.94,0.390628,0.301465
0.94,0.96,0.386741,0.297644
0.94,0.98,0.382893,0.293871
0.94,1,0.379083,0.290146
0.96,0,0.618783,0.542099
0.96,0.02,0.612626,0.535228
0.96,0.04,0.606531,0.528443
0.96,0.06,0.600496,0.521745
0.96,0.08,0.594521,0.515132
0.96,0.1,0.588605,0.508602
0.96,0.12,0.582748,0.502156
0.96,0.14,0.57695,0.495791
0.96,0.16,0.571209,0.489506
0.96,0.18,0.565525,0.483302
0.96,0.2,0.559898,0.477176
0.96,0.22,0.554327,0.471127
0.96,0.24,0.548812,0.465156
0.96,0.26,0.543351,0.45926
0.96,0.28,0.537944,0.453438
0.96,0.3,0.532592,0.447691
0.96,0.32,0.527292,0.442016
0.96,0.34,0.522046,0.436413
0.96,0.36,0.516851,0.430882
0.96,0.38,0.511709,0.42542
0.96,0.4,0.506617,0.420028
0.96,0.42,0.501576,0.414704
0.96,0.44,0.496585,0.409447
0.96,0.46,0.491644,0.404257
0.96,0.48,0.486752,0.399133
0.96,0.5,0.481909,0.394074
0.96,0.52,0.477114,0.389079
0.96,0.54,0.472367,0.384147
0.96,0.56,0.467666,0.379278
0.96,0.58,0.463013,0.374471
0.96,0.6,0.458406,0.369724
0.96,0.62,0.453845,0.365038
0.96,0.64,0.449329,0.360411
0.96,0.66,0.444858,0.355842
0.96,0.68,0.440432,0.351332
0.96,0.7,0.436049,0.346879
0.96,0.72,0.431711,0.342482
0.96,0.74,0.427415,0.338141
0.96,0.76,0.423162,0.333855
0.96,0.78,0.418952,0.329623
0.96,0.8,0.414783,0.325445
0.96,0.82,0.410656,0.32132
0.96,0.84,0.40657,0.317247
0.96,0.86,0.402524,0.313226
0.96,0.88,0.398519,0.309255
0.96,0.9,0.394554,0.305335
0.96,0.92,0.390628,0.301465
0.96,0.94,0.386741,0.297644
0.96,0.96,0.382893,0.293871
0.96,0.98,0.379083,0.290146
0.96,1,0.375311,0.286469
0.98,0,0.612626,0.535228
0.98,0.02,0.606531,0.528443
0.98,0.04,0.600496,0.521745
0.98,0.06,0.594521,0.515132
0.98,0.08,0.588605,0.508602
0.98,0.1,0.582748,0.502156
0.98,0.12,0.57695,0.495791
0.98,0.14,0.571209,0.489506
0.98,0.16,0.565525,0.483302
0.98,0.18,0.559898,0.477176
0.98,0.2,0.554327,0.471127
0.98,0.22,0.548812,0.465156
0.98,0.24,0.543351,0.45926
0.98,0.26,0.537944,0.453438
0.98,0.28,0.532592,0.447691
0.98,0.3,0.527292,0.442016
0.98,0.32,0.522046,0.436413
0.98,0.34,0.516851,0.430882
0.98,0.36,0.511709,0.42542
0.98,0.38,0.506617,0.420028
0.98,0.4,0.501576,0.414704
0.98,0.42,0.496585,0.409447
0.98,0.44,0.491644,0.404257
0.98,0.46,0.486752,0.399133
0.98,0.48,0.481909,0.394074
0.98,0.5,0.477114,0.389079
0.98,0.52,0.472367,0.384147
0.98,0.54,0.467666,0.379278
0.98,0.56,0.463013,0.374471
0.98,0.58,0.458406,0.369724
0.98,0.6,0.453845,0.365038
0.98,0.62,0.449329,0.360411
0.98,0.64,0.444858,0.355842
0.98,0.66,0.440432,0.351332
0.98,0.68,0.436049,0.346879
0.98,0.7,0.431711,0.342482
0.98,0.72,0.427415,0.338141
0.98,0.74,0.423162,0.333855
0.98,0.76,0.418952,0.329623
0.98,0.78,0.414783,0.325445
0.98,0.8,0.410656,0.32132
0.98,0.82,0.40657,0.317247
0.98,0.84,0.402524,0.313226
0.98,0.86,0.398519,0.309255
0.98,0.88,0.394554,0.305335
0.98,0.9,0.390628,0.301465
0.98,0.92,0.386741,0.297644
0.98,0.94,0.382893,0.293871
0.98,0.96,0.379083,0.290146
0.98,0.98,0.375311,0.286469
0.98,1,0.371577,0.282838
1,0,0.606531,0.528443
1,0.02,0.600496,0.521745
1,0.04,0.594521,0.515132
1,0.06,0.588605,0.508602
1,0.08,0.582748,0.502156
1,0.1,0.57695,0.495791
1,0.12,0.571209,0.489506
1,0.14,0.565525,0.483302
1,0.16,0.559898,0.477176
1,0.18,0.554327,0.471127
1,0.2,0.548812,0.465156
1,0.22,0.543351,0.45926
1,0.24,0.537944,0.453438
1,0.26,0.532592,0.447691
1,0.28,0.527292,0.442016
1,0.3,0.522046,0.436413
1,0.32,0.516851,0.430882
1,0.34,0.511709,0.42542
1,0.36,0.506617,0.420028
1,0.38,0.501576,0.414704
1,0.4,0.496585,0.409447
1,0.42,0.491644,0.404257
1,0.44,0.486752,0.399133
1,0.46,0.481909,0.394074
1,0.48,0.477114,0.389079
1,0.5,0.472367,0.384147
1,0.52,0.467666,0.379278
1,0.54,0.463013,0.374471
1,0.56,0.458406,0.369724
1,0.58,0.453845,0.365038
1,0.6,0.449329,0.360411
1,0.62,0.444858,0.355842
1,0.64,0.440432,0.351332
1,0.66,0.436049,0.346879
1,0.68,0.431711,0.342482
1,0.7,0.427415,0.338141
1,0.72,0.423162,0.333855
1,0.74,0.418952,0.329623
1,0.76,0.414783,0.325445
1,0.78,0.410656,0.32132
1,0.8,0.40657,0.317247
1,0.82,0.402524,0.313226
1,0.84,0.398519,0.309255
1,0.86,0.394554,0.305335
1,0.88,0.390628,0.301465
1,0.9,0.386741,0.297644
1,0.92,0.382893,0.293871
1,0.94,0.379083,0.290146
1,0.96,0.375311,0.286469
1,0.98,0.371577,0.282838
1,1,0.367879,0.279252
