x,y,u_exact,u_approx
0.000000,0.000000,0.000000,-0.000148
0.000000,0.020000,0.000000,-0.000060
0.000000,0.040000,0.000000,0.000010
0.000000,0.060000,0.000000,0.000061
0.000000,0.080000,0.000000,0.000095
0.000000,0.100000,0.000000,0.000113
0.000000,0.120000,0.000000,0.000118
0.000000,0.140000,0.000000,0.000112
0.000000,0.160000,0.000000,0.000099
0.000000,0.180000,0.000000,0.000081
0.000000,0.200000,0.000000,0.000060
0.000000,0.220000,0.000000,0.000038
0.000000,0.240000,0.000000,0.000017
0.000000,0.260000,0.000000,-0.000002
0.000000,0.280000,0.000000,-0.000017
0.000000,0.300000,0.000000,-0.000030
0.000000,0.320000,0.000000,-0.000038
0.000000,0.340000,0.000000,-0.000044
0.000000,0.360000,0.000000,-0.000046
0.000000,0.380000,0.000000,-0.000045
0.000000,0.400000,0.000000,-0.000041
0.000000,0.420000,0.000000,-0.000035
0.000000,0.440000,0.000000,-0.000028
0.000000,0.460000,0.000000,-0.000021
0.000000,0.480000,0.000000,-0.000013
0.000000,0.500000,0.000000,-0.000005
0.000000,0.520000,0.000000,0.000001
0.000000,0.540000,0.000000,0.000007
0.000000,0.560000,0.000000,0.000011
0.000000,0.580000,0.000000,0.000013
0.000000,0.600000,0.000000,0.000013
0.000000,0.620000,0.000000,0.000011
0.000000,0.640000,0.000000,0.000008
0.000000,0.660000,0.000000,0.000003
0.000000,0.680000,0.000000,-0.000002
0.000000,0.700000,0.000000,-0.000008
0.000000,0.720000,0.000000,-0.000014
0.000000,0.740000,0.000000,-0.000019
0.000000,0.760000,0.000000,-0.000024
0.000000,0.780000,0.000000,-0.000027
0.000000,0.800000,0.000000,-0.000028
0.000000,0.820000,0.000000,-0.000028
0.000000,0.840000,0.000000,-0.000025
0.000000,0.860000,0.000000,-0.000020
0.000000,0.880000,0.000000,-0.000013
0.000000,0.900000,0.000000,-0.000004
0.000000,0.920000,0.000000,0.000008
0.000000,0.940000,0.000000,0.000023
0.000000,0.960000,0.000000,0.000041
0.000000,0.980000,0.000000,0.000063
0.000000,1.000000,0.000000,0.000090
0.020000,0.000000,0.000000,-0.000138
0.020000,0.020000,0.003943,0.003874
0.020000,0.040000,0.007870,0.007858
0.020000,0.060000,0.011766,0.011798
0.020000,0.080000,0.015615,0.015678
0.020000,0.100000,0.019403,0.019484
0.020000,0.120000,0.023115,0.023203
0.020000,0.140000,0.026735,0.026821
0.020000,0.160000,0.030250,0.030328
0.020000,0.180000,0.033645,0.033710
0.020000,0.200000,0.036907,0.036957
0.020000,0.220000,0.040024,0.040058
0.020000,0.240000,0.042983,0.043001
0.020000,0.260000,0.045772,0.045775
0.020000,0.280000,0.048381,0.048371
0.020000,0.300000,0.050799,0.050778
0.020000,0.320000,0.053016,0.052988
0.020000,0.340000,0.055024,0.054991
0.020000,0.360000,0.056815,0.056779
0.020000,0.380000,0.058381,0.058346
0.020000,0.400000,0.059717,0.059684
0.020000,0.420000,0.060818,0.060788
0.020000,0.440000,0.061678,0.061653
0.020000,0.460000,0.062295,0.062275
0.020000,0.480000,0.062667,0.062653
0.020000,0.500000,0.062790,0.062782
0.020000,0.520000,0.062667,0.062663
0.020000,0.540000,0.062295,0.062296
0.020000,0.560000,0.061678,0.061682
0.020000,0.580000,0.060818,0.060823
0.020000,0.600000,0.059717,0.059723
0.020000,0.620000,0.058381,0.058386
0.020000,0.640000,0.056815,0.056817
0.020000,0.660000,0.055024,0.055023
0.020000,0.680000,0.053016,0.053011
0.020000,0.700000,0.050799,0.050789
0.020000,0.720000,0.048381,0.048367
0.020000,0.740000,0.045772,0.045754
0.020000,0.760000,0.042983,0.042962
0.020000,0.780000,0.040024,0.040001
0.020000,0.800000,0.036907,0.036883
0.020000,0.820000,0.033645,0.033622
0.020000,0.840000,0.030250,0.030229
0.020000,0.860000,0.026735,0.026719
0.020000,0.880000,0.023115,0.023106
0.020000,0.900000,0.019403,0.019403
0.020000,0.920000,0.015615,0.015625
0.020000,0.940000,0.011766,0.011788
0.020000,0.960000,0.007870,0.007908
0.020000,0.980000,0.003943,0.004000
0.020000,1.000000,0.000000,0.000081
0.040000,0.000000,0.000000,-0.000119
0.040000,0.020000,0.007870,0.007804
0.040000,0.040000,0.015708,0.015688
0.040000,0.060000,0.023485,0.023501
0.040000,0.080000,0.031169,0.031211
0.040000,0.100000,0.038730,0.038789
0.040000,0.120000,0.046138,0.046204
0.040000,0.140000,0.053364,0.053431
0.040000,0.160000,0.060380,0.060441
0.040000,0.180000,0.067157,0.067210
0.040000,0.200000,0.073669,0.073711
0.040000,0.220000,0.079890,0.079920
0.040000,0.240000,0.085796,0.085814
0.040000,0.260000,0.091364,0.091369
0.040000,0.280000,0.096571,0.096566
0.040000,0.300000,0.101397,0.101383
0.040000,0.320000,0.105822,0.105802
0.040000,0.340000,0.109830,0.109805
0.040000,0.360000,0.113405,0.113377
0.040000,0.380000,0.116532,0.116503
0.040000,0.400000,0.119199,0.119171
0.040000,0.420000,0.121396,0.121369
0.040000,0.440000,0.123113,0.123090
0.040000,0.460000,0.124345,0.124326
0.040000,0.480000,0.125086,0.125071
0.040000,0.500000,0.125333,0.125322
0.040000,0.520000,0.125086,0.125079
0.040000,0.540000,0.124345,0.124341
0.040000,0.560000,0.123113,0.123112
0.040000,0.580000,0.121396,0.121396
0.040000,0.600000,0.119199,0.119200
0.040000,0.620000,0.116532,0.116532
0.040000,0.640000,0.113405,0.113403
0.040000,0.660000,0.109830,0.109826
0.040000,0.680000,0.105822,0.105815
0.040000,0.700000,0.101397,0.101386
0.040000,0.720000,0.096571,0.096557
0.040000,0.740000,0.091364,0.091347
0.040000,0.760000,0.085796,0.085777
0.040000,0.780000,0.079890,0.079870
0.040000,0.800000,0.073669,0.073648
0.040000,0.820000,0.067157,0.067137
0.040000,0.840000,0.060380,0.060362
0.040000,0.860000,0.053364,0.053351
0.040000,0.880000,0.046138,0.046131
0.040000,0.900000,0.038730,0.038730
0.040000,0.920000,0.031169,0.031178
0.040000,0.940000,0.023485,0.023504
0.040000,0.960000,0.015708,0.015740
0.040000,0.980000,0.007870,0.007917
0.040000,1.000000,0.000000,0.000066
0.060000,0.000000,0.000000,-0.000096
0.060000,0.020000,0.011766,0.011709
0.060000,0.040000,0.023485,0.023464
0.060000,0.060000,0.035112,0.035120
0.060000,0.080000,0.046600,0.046629
0.060000,0.100000,0.057904,0.057947
0.060000,0.120000,0.068980,0.069030
0.060000,0.140000,0.079783,0.079834
0.060000,0.160000,0.090272,0.090320
0.060000,0.180000,0.100404,0.100446
0.060000,0.200000,0.110140,0.110174
0.060000,0.220000,0.119441,0.119467
0.060000,0.240000,0.128271,0.128287
0.060000,0.260000,0.136595,0.136602
0.060000,0.280000,0.144380,0.144378
0.060000,0.300000,0.151595,0.151586
0.060000,0.320000,0.158211,0.158197
0.060000,0.340000,0.164203,0.164184
0.060000,0.360000,0.169548,0.169526
0.060000,0.380000,0.174223,0.174199
0.060000,0.400000,0.178210,0.178186
0.060000,0.420000,0.181494,0.181472
0.060000,0.440000,0.184062,0.184041
0.060000,0.460000,0.185904,0.185885
0.060000,0.480000,0.187012,0.186996
0.060000,0.500000,0.187381,0.187369
0.060000,0.520000,0.187012,0.187002
0.060000,0.540000,0.185904,0.185897
0.060000,0.560000,0.184062,0.184058
0.060000,0.580000,0.181494,0.181491
0.060000,0.600000,0.178210,0.178208
0.060000,0.620000,0.174223,0.174220
0.060000,0.640000,0.169548,0.169544
0.060000,0.660000,0.164203,0.164198
0.060000,0.680000,0.158211,0.158203
0.060000,0.700000,0.151595,0.151584
0.060000,0.720000,0.144380,0.144366
0.060000,0.740000,0.136595,0.136579
0.060000,0.760000,0.128271,0.128254
0.060000,0.780000,0.119441,0.119422
0.060000,0.800000,0.110140,0.110121
0.060000,0.820000,0.100404,0.100386
0.060000,0.840000,0.090272,0.090256
0.060000,0.860000,0.079783,0.079770
0.060000,0.880000,0.068980,0.068972
0.060000,0.900000,0.057904,0.057902
0.060000,0.920000,0.046600,0.046605
0.060000,0.940000,0.035112,0.035125
0.060000,0.960000,0.023485,0.023508
0.060000,0.980000,0.011766,0.011800
0.060000,1.000000,0.000000,0.000048
0.080000,0.000000,0.000000,-0.000073
0.080000,0.020000,0.015615,0.015571
0.080000,0.040000,0.031169,0.031151
0.080000,0.060000,0.046600,0.046604
0.080000,0.080000,0.061847,0.061867
0.080000,0.100000,0.076849,0.076881
0.080000,0.120000,0.091549,0.091586
0.080000,0.140000,0.105887,0.105926
0.080000,0.160000,0.119807,0.119845
0.080000,0.180000,0.133255,0.133288
0.080000,0.200000,0.146176,0.146204
0.080000,0.220000,0.158521,0.158542
0.080000,0.240000,0.170240,0.170254
0.080000,0.260000,0.181287,0.181294
0.080000,0.280000,0.191619,0.191619
0.080000,0.300000,0.201194,0.201189
0.080000,0.320000,0.209976,0.209966
0.080000,0.340000,0.217929,0.217914
0.080000,0.360000,0.225021,0.225004
0.080000,0.380000,0.231226,0.231207
0.080000,0.400000,0.236518,0.236499
0.080000,0.420000,0.240877,0.240857
0.080000,0.440000,0.244285,0.244267
0.080000,0.460000,0.246729,0.246712
0.080000,0.480000,0.248199,0.248185
0.080000,0.500000,0.248690,0.248678
0.080000,0.520000,0.248199,0.248189
0.080000,0.540000,0.246729,0.246721
0.080000,0.560000,0.244285,0.244279
0.080000,0.580000,0.240877,0.240872
0.080000,0.600000,0.236518,0.236514
0.080000,0.620000,0.231226,0.231222
0.080000,0.640000,0.225021,0.225016
0.080000,0.660000,0.217929,0.217922
0.080000,0.680000,0.209976,0.209968
0.080000,0.700000,0.201194,0.201184
0.080000,0.720000,0.191619,0.191606
0.080000,0.740000,0.181287,0.181273
0.080000,0.760000,0.170240,0.170224
0.080000,0.780000,0.158521,0.158504
0.080000,0.800000,0.146176,0.146159
0.080000,0.820000,0.133255,0.133238
0.080000,0.840000,0.119807,0.119792
0.080000,0.860000,0.105887,0.105874
0.080000,0.880000,0.091549,0.091539
0.080000,0.900000,0.076849,0.076844
0.080000,0.920000,0.061847,0.061847
0.080000,0.940000,0.046600,0.046606
0.080000,0.960000,0.031169,0.031182
0.080000,0.980000,0.015615,0.015635
0.080000,1.000000,0.000000,0.000029
0.100000,0.000000,0.000000,-0.000053
0.100000,0.020000,0.019403,0.019370
0.100000,0.040000,0.038730,0.038716
0.100000,0.060000,0.057904,0.057906
0.100000,0.080000,0.076849,0.076864
0.100000,0.100000,0.095492,0.095515
0.100000,0.120000,0.113757,0.113785
0.100000,0.140000,0.131573,0.131603
0.100000,0.160000,0.148870,0.148899
0.100000,0.180000,0.165580,0.165606
0.100000,0.200000,0.181636,0.181658
0.100000,0.220000,0.196975,0.196992
0.100000,0.240000,0.211537,0.211549
0.100000,0.260000,0.225264,0.225271
0.100000,0.280000,0.238102,0.238104
0.100000,0.300000,0.250000,0.249997
0.100000,0.320000,0.260912,0.260905
0.100000,0.340000,0.270794,0.270784
0.100000,0.360000,0.279607,0.279594
0.100000,0.380000,0.287317,0.287302
0.100000,0.400000,0.293893,0.293877
0.100000,0.420000,0.299309,0.299293
0.100000,0.440000,0.303543,0.303528
0.100000,0.460000,0.306580,0.306566
0.100000,0.480000,0.308407,0.308394
0.100000,0.500000,0.309017,0.309006
0.100000,0.520000,0.308407,0.308398
0.100000,0.540000,0.306580,0.306573
0.100000,0.560000,0.303543,0.303537
0.100000,0.580000,0.299309,0.299304
0.100000,0.600000,0.293893,0.293888
0.100000,0.620000,0.287317,0.287313
0.100000,0.640000,0.279607,0.279602
0.100000,0.660000,0.270794,0.270788
0.100000,0.680000,0.260912,0.260904
0.100000,0.700000,0.250000,0.249991
0.100000,0.720000,0.238102,0.238091
0.100000,0.740000,0.225264,0.225251
0.100000,0.760000,0.211537,0.211522
0.100000,0.780000,0.196975,0.196959
0.100000,0.800000,0.181636,0.181619
0.100000,0.820000,0.165580,0.165563
0.100000,0.840000,0.148870,0.148855
0.100000,0.860000,0.131573,0.131559
0.100000,0.880000,0.113757,0.113745
0.100000,0.900000,0.095492,0.095483
0.100000,0.920000,0.076849,0.076844
0.100000,0.940000,0.057904,0.057902
0.100000,0.960000,0.038730,0.038731
0.100000,0.980000,0.019403,0.019408
0.100000,1.000000,0.000000,0.000008
0.120000,0.000000,0.000000,-0.000035
0.120000,0.020000,0.023115,0.023093
0.120000,0.040000,0.046138,0.046129
0.120000,0.060000,0.068980,0.068982
0.120000,0.080000,0.091549,0.091560
0.120000,0.100000,0.113757,0.113774
0.120000,0.120000,0.135516,0.135537
0.120000,0.140000,0.156740,0.156762
0.120000,0.160000,0.177345,0.177367
0.120000,0.180000,0.197251,0.197271
0.120000,0.200000,0.216378,0.216396
0.120000,0.220000,0.234651,0.234666
0.120000,0.240000,0.251999,0.252010
0.120000,0.260000,0.268351,0.268359
0.120000,0.280000,0.283645,0.283648
0.120000,0.300000,0.297819,0.297819
0.120000,0.320000,0.310818,0.310814
0.120000,0.340000,0.322590,0.322584
0.120000,0.360000,0.333089,0.333080
0.120000,0.380000,0.342274,0.342263
0.120000,0.400000,0.350107,0.350095
0.120000,0.420000,0.356559,0.356547
0.120000,0.440000,0.361604,0.361592
0.120000,0.460000,0.365222,0.365210
0.120000,0.480000,0.367398,0.367387
0.120000,0.500000,0.368125,0.368115
0.120000,0.520000,0.367398,0.367390
0.120000,0.540000,0.365222,0.365216
0.120000,0.560000,0.361604,0.361599
0.120000,0.580000,0.356559,0.356555
0.120000,0.600000,0.350107,0.350104
0.120000,0.620000,0.342274,0.342270
0.120000,0.640000,0.333089,0.333086
0.120000,0.660000,0.322590,0.322586
0.120000,0.680000,0.310818,0.310812
0.120000,0.700000,0.297819,0.297812
0.120000,0.720000,0.283645,0.283636
0.120000,0.740000,0.268351,0.268340
0.120000,0.760000,0.251999,0.251986
0.120000,0.780000,0.234651,0.234637
0.120000,0.800000,0.216378,0.216363
0.120000,0.820000,0.197251,0.197235
0.120000,0.840000,0.177345,0.177330
0.120000,0.860000,0.156740,0.156725
0.120000,0.880000,0.135516,0.135501
0.120000,0.900000,0.113757,0.113744
0.120000,0.920000,0.091549,0.091537
0.120000,0.940000,0.068980,0.068969
0.120000,0.960000,0.046138,0.046128
0.120000,0.980000,0.023115,0.023105
0.120000,1.000000,0.000000,-0.000011
0.140000,0.000000,0.000000,-0.000019
0.140000,0.020000,0.026735,0.026723
0.140000,0.040000,0.053364,0.053360
0.140000,0.060000,0.079783,0.079786
0.140000,0.080000,0.105887,0.105896
0.140000,0.100000,0.131573,0.131586
0.140000,0.120000,0.156740,0.156755
0.140000,0.140000,0.181288,0.181305
0.140000,0.160000,0.205121,0.205138
0.140000,0.180000,0.228144,0.228160
0.140000,0.200000,0.250267,0.250281
0.140000,0.220000,0.271402,0.271414
0.140000,0.240000,0.291466,0.291476
0.140000,0.260000,0.310380,0.310387
0.140000,0.280000,0.328069,0.328073
0.140000,0.300000,0.344463,0.344465
0.140000,0.320000,0.359497,0.359497
0.140000,0.340000,0.373113,0.373110
0.140000,0.360000,0.385257,0.385251
0.140000,0.380000,0.395880,0.395872
0.140000,0.400000,0.404940,0.404932
0.140000,0.420000,0.412403,0.412394
0.140000,0.440000,0.418238,0.418228
0.140000,0.460000,0.422422,0.422413
0.140000,0.480000,0.424939,0.424931
0.140000,0.500000,0.425779,0.425772
0.140000,0.520000,0.424939,0.424933
0.140000,0.540000,0.422422,0.422417
0.140000,0.560000,0.418238,0.418234
0.140000,0.580000,0.412403,0.412400
0.140000,0.600000,0.404940,0.404939
0.140000,0.620000,0.395880,0.395878
0.140000,0.640000,0.385257,0.385255
0.140000,0.660000,0.373113,0.373111
0.140000,0.680000,0.359497,0.359493
0.140000,0.700000,0.344463,0.344457
0.140000,0.720000,0.328069,0.328061
0.140000,0.740000,0.310380,0.310370
0.140000,0.760000,0.291466,0.291455
0.140000,0.780000,0.271402,0.271389
0.140000,0.800000,0.250267,0.250252
0.140000,0.820000,0.228144,0.228128
0.140000,0.840000,0.205121,0.205105
0.140000,0.860000,0.181288,0.181271
0.140000,0.880000,0.156740,0.156723
0.140000,0.900000,0.131573,0.131556
0.140000,0.920000,0.105887,0.105870
0.140000,0.940000,0.079783,0.079765
0.140000,0.960000,0.053364,0.053344
0.140000,0.980000,0.026735,0.026711
0.140000,1.000000,0.000000,-0.000029
0.160000,0.000000,0.000000,-0.000006
0.160000,0.020000,0.030250,0.030247
0.160000,0.040000,0.060380,0.060381
0.160000,0.060000,0.090272,0.090277
0.160000,0.080000,0.119807,0.119816
0.160000,0.100000,0.148870,0.148881
0.160000,0.120000,0.177345,0.177358
0.160000,0.140000,0.205121,0.205134
0.160000,0.160000,0.232087,0.232100
0.160000,0.180000,0.258137,0.258150
0.160000,0.200000,0.283168,0.283180
0.160000,0.220000,0.307081,0.307093
0.160000,0.240000,0.329783,0.329793
0.160000,0.260000,0.351183,0.351191
0.160000,0.280000,0.371198,0.371204
0.160000,0.300000,0.389747,0.389751
0.160000,0.320000,0.406758,0.406760
0.160000,0.340000,0.422164,0.422163
0.160000,0.360000,0.435904,0.435901
0.160000,0.380000,0.447923,0.447919
0.160000,0.400000,0.458175,0.458169
0.160000,0.420000,0.466618,0.466612
0.160000,0.440000,0.473220,0.473214
0.160000,0.460000,0.477955,0.477948
0.160000,0.480000,0.480803,0.480797
0.160000,0.500000,0.481754,0.481749
0.160000,0.520000,0.480803,0.480799
0.160000,0.540000,0.477955,0.477952
0.160000,0.560000,0.473220,0.473219
0.160000,0.580000,0.466618,0.466618
0.160000,0.600000,0.458175,0.458175
0.160000,0.620000,0.447923,0.447923
0.160000,0.640000,0.435904,0.435904
0.160000,0.660000,0.422164,0.422163
0.160000,0.680000,0.406758,0.406756
0.160000,0.700000,0.389747,0.389743
0.160000,0.720000,0.371198,0.371192
0.160000,0.740000,0.351183,0.351175
0.160000,0.760000,0.329783,0.329773
0.160000,0.780000,0.307081,0.307069
0.160000,0.800000,0.283168,0.283154
0.160000,0.820000,0.258137,0.258121
0.160000,0.840000,0.232087,0.232070
0.160000,0.860000,0.205121,0.205103
0.160000,0.880000,0.177345,0.177327
0.160000,0.900000,0.148870,0.148850
0.160000,0.920000,0.119807,0.119785
0.160000,0.940000,0.090272,0.090247
0.160000,0.960000,0.060380,0.060351
0.160000,0.980000,0.030250,0.030215
0.160000,1.000000,0.000000,-0.000044
0.180000,0.000000,0.000000,0.000006
0.180000,0.020000,0.033645,0.033650
0.180000,0.040000,0.067157,0.067163
0.180000,0.060000,0.100404,0.100412
0.180000,0.080000,0.133255,0.133263
0.180000,0.100000,0.165580,0.165589
0.180000,0.120000,0.197251,0.197262
0.180000,0.140000,0.228144,0.228155
0.180000,0.160000,0.258137,0.258148
0.180000,0.180000,0.287110,0.287122
0.180000,0.200000,0.314951,0.314962
0.180000,0.220000,0.341549,0.341560
0.180000,0.240000,0.366799,0.366809
0.180000,0.260000,0.390601,0.390610
0.180000,0.280000,0.412862,0.412869
0.180000,0.300000,0.433493,0.433499
0.180000,0.320000,0.452414,0.452417
0.180000,0.340000,0.469549,0.469550
0.180000,0.360000,0.484831,0.484830
0.180000,0.380000,0.498199,0.498197
0.180000,0.400000,0.509602,0.509598
0.180000,0.420000,0.518993,0.518989
0.180000,0.440000,0.526336,0.526331
0.180000,0.460000,0.531602,0.531597
0.180000,0.480000,0.534769,0.534766
0.180000,0.500000,0.535827,0.535824
0.180000,0.520000,0.534769,0.534768
0.180000,0.540000,0.531602,0.531601
0.180000,0.560000,0.526336,0.526336
0.180000,0.580000,0.518993,0.518994
0.180000,0.600000,0.509602,0.509603
0.180000,0.620000,0.498199,0.498201
0.180000,0.640000,0.484831,0.484832
0.180000,0.660000,0.469549,0.469549
0.180000,0.680000,0.452414,0.452413
0.180000,0.700000,0.433493,0.433490
0.180000,0.720000,0.412862,0.412857
0.180000,0.740000,0.390601,0.390594
0.180000,0.760000,0.366799,0.366790
0.180000,0.780000,0.341549,0.341537
0.180000,0.800000,0.314951,0.314938
0.180000,0.820000,0.287110,0.287095
0.180000,0.840000,0.258137,0.258119
0.180000,0.860000,0.228144,0.228125
0.180000,0.880000,0.197251,0.197230
0.180000,0.900000,0.165580,0.165557
0.180000,0.920000,0.133255,0.133229
0.180000,0.940000,0.100404,0.100374
0.180000,0.960000,0.067157,0.067122
0.180000,0.980000,0.033645,0.033601
0.180000,1.000000,0.000000,-0.000055
0.200000,0.000000,0.000000,0.000017
0.200000,0.020000,0.036907,0.036921
0.200000,0.040000,0.073669,0.073681
0.200000,0.060000,0.110140,0.110151
0.200000,0.080000,0.146176,0.146187
0.200000,0.100000,0.181636,0.181646
0.200000,0.120000,0.216378,0.216389
0.200000,0.140000,0.250267,0.250277
0.200000,0.160000,0.283168,0.283179
0.200000,0.180000,0.314951,0.314962
0.200000,0.200000,0.345492,0.345503
0.200000,0.220000,0.374668,0.374680
0.200000,0.240000,0.402367,0.402377
0.200000,0.260000,0.428477,0.428487
0.200000,0.280000,0.452896,0.452905
0.200000,0.300000,0.475528,0.475535
0.200000,0.320000,0.496284,0.496289
0.200000,0.340000,0.515080,0.515083
0.200000,0.360000,0.531844,0.531845
0.200000,0.380000,0.546509,0.546509
0.200000,0.400000,0.559017,0.559015
0.200000,0.420000,0.569319,0.569316
0.200000,0.440000,0.577374,0.577371
0.200000,0.460000,0.583150,0.583148
0.200000,0.480000,0.586625,0.586623
0.200000,0.500000,0.587785,0.587784
0.200000,0.520000,0.586625,0.586625
0.200000,0.540000,0.583150,0.583151
0.200000,0.560000,0.577374,0.577375
0.200000,0.580000,0.569319,0.569321
0.200000,0.600000,0.559017,0.559020
0.200000,0.620000,0.546509,0.546512
0.200000,0.640000,0.531844,0.531846
0.200000,0.660000,0.515080,0.515082
0.200000,0.680000,0.496284,0.496284
0.200000,0.700000,0.475528,0.475527
0.200000,0.720000,0.452896,0.452892
0.200000,0.740000,0.428477,0.428471
0.200000,0.760000,0.402367,0.402358
0.200000,0.780000,0.374668,0.374658
0.200000,0.800000,0.345492,0.345478
0.200000,0.820000,0.314951,0.314936
0.200000,0.840000,0.283168,0.283150
0.200000,0.860000,0.250267,0.250247
0.200000,0.880000,0.216378,0.216357
0.200000,0.900000,0.181636,0.181611
0.200000,0.920000,0.146176,0.146148
0.200000,0.940000,0.110140,0.110107
0.200000,0.960000,0.073669,0.073629
0.200000,0.980000,0.036907,0.036858
0.200000,1.000000,0.000000,-0.000063
0.220000,0.000000,0.000000,0.000026
0.220000,0.020000,0.040024,0.040046
0.220000,0.040000,0.079890,0.079908
0.220000,0.060000,0.119441,0.119456
0.220000,0.080000,0.158521,0.158534
0.220000,0.100000,0.196975,0.196987
0.220000,0.120000,0.234651,0.234663
0.220000,0.140000,0.271402,0.271413
0.220000,0.160000,0.307081,0.307093
0.220000,0.180000,0.341549,0.341561
0.220000,0.200000,0.374668,0.374680
0.220000,0.220000,0.406309,0.406321
0.220000,0.240000,0.436347,0.436358
0.220000,0.260000,0.464662,0.464673
0.220000,0.280000,0.491144,0.491153
0.220000,0.300000,0.515687,0.515695
0.220000,0.320000,0.538195,0.538201
0.220000,0.340000,0.558579,0.558583
0.220000,0.360000,0.576758,0.576761
0.220000,0.380000,0.592662,0.592662
0.220000,0.400000,0.606226,0.606226
0.220000,0.420000,0.617398,0.617397
0.220000,0.440000,0.626133,0.626132
0.220000,0.460000,0.632398,0.632396
0.220000,0.480000,0.636166,0.636165
0.220000,0.500000,0.637424,0.637423
0.220000,0.520000,0.636166,0.636166
0.220000,0.540000,0.632398,0.632399
0.220000,0.560000,0.626133,0.626136
0.220000,0.580000,0.617398,0.617401
0.220000,0.600000,0.606226,0.606230
0.220000,0.620000,0.592662,0.592665
0.220000,0.640000,0.576758,0.576761
0.220000,0.660000,0.558579,0.558581
0.220000,0.680000,0.538195,0.538195
0.220000,0.700000,0.515687,0.515685
0.220000,0.720000,0.491144,0.491140
0.220000,0.740000,0.464662,0.464656
0.220000,0.760000,0.436347,0.436339
0.220000,0.780000,0.406309,0.406299
0.220000,0.800000,0.374668,0.374656
0.220000,0.820000,0.341549,0.341534
0.220000,0.840000,0.307081,0.307064
0.220000,0.860000,0.271402,0.271382
0.220000,0.880000,0.234651,0.234629
0.220000,0.900000,0.196975,0.196950
0.220000,0.920000,0.158521,0.158492
0.220000,0.940000,0.119441,0.119407
0.220000,0.960000,0.079890,0.079848
0.220000,0.980000,0.040024,0.039972
0.220000,1.000000,0.000000,-0.000066
0.240000,0.000000,0.000000,0.000036
0.240000,0.020000,0.042983,0.043012
0.240000,0.040000,0.085796,0.085820
0.240000,0.060000,0.128271,0.128291
0.240000,0.080000,0.170240,0.170257
0.240000,0.100000,0.211537,0.211551
0.240000,0.120000,0.251999,0.252012
0.240000,0.140000,0.291466,0.291479
0.240000,0.160000,0.329783,0.329796
0.240000,0.180000,0.366799,0.366812
0.240000,0.200000,0.402367,0.402380
0.240000,0.220000,0.436347,0.436360
0.240000,0.240000,0.468605,0.468617
0.240000,0.260000,0.499013,0.499025
0.240000,0.280000,0.527453,0.527463
0.240000,0.300000,0.553810,0.553818
0.240000,0.320000,0.577982,0.577989
0.240000,0.340000,0.599873,0.599878
0.240000,0.360000,0.619397,0.619399
0.240000,0.380000,0.636476,0.636477
0.240000,0.400000,0.651043,0.651043
0.240000,0.420000,0.663041,0.663039
0.240000,0.440000,0.672422,0.672420
0.240000,0.460000,0.679149,0.679148
0.240000,0.480000,0.683196,0.683195
0.240000,0.500000,0.684547,0.684547
0.240000,0.520000,0.683196,0.683197
0.240000,0.540000,0.679149,0.679151
0.240000,0.560000,0.672422,0.672424
0.240000,0.580000,0.663041,0.663044
0.240000,0.600000,0.651043,0.651046
0.240000,0.620000,0.636476,0.636479
0.240000,0.640000,0.619397,0.619399
0.240000,0.660000,0.599873,0.599875
0.240000,0.680000,0.577982,0.577982
0.240000,0.700000,0.553810,0.553809
0.240000,0.720000,0.527453,0.527449
0.240000,0.740000,0.499013,0.499008
0.240000,0.760000,0.468605,0.468597
0.240000,0.780000,0.436347,0.436336
0.240000,0.800000,0.402367,0.402354
0.240000,0.820000,0.366799,0.366784
0.240000,0.840000,0.329783,0.329766
0.240000,0.860000,0.291466,0.291447
0.240000,0.880000,0.251999,0.251977
0.240000,0.900000,0.211537,0.211512
0.240000,0.920000,0.170240,0.170211
0.240000,0.940000,0.128271,0.128237
0.240000,0.960000,0.085796,0.085755
0.240000,0.980000,0.042983,0.042931
0.240000,1.000000,0.000000,-0.000066
0.260000,0.000000,0.000000,0.000044
0.260000,0.020000,0.045772,0.045808
0.260000,0.040000,0.091364,0.091394
0.260000,0.060000,0.136595,0.136620
0.260000,0.080000,0.181287,0.181308
0.260000,0.100000,0.225264,0.225282
0.260000,0.120000,0.268351,0.268368
0.260000,0.140000,0.310380,0.310395
0.260000,0.160000,0.351183,0.351198
0.260000,0.180000,0.390601,0.390616
0.260000,0.200000,0.428477,0.428491
0.260000,0.220000,0.464662,0.464676
0.260000,0.240000,0.499013,0.499026
0.260000,0.260000,0.531395,0.531407
0.260000,0.280000,0.561680,0.561690
0.260000,0.300000,0.589748,0.589756
0.260000,0.320000,0.615489,0.615495
0.260000,0.340000,0.638800,0.638804
0.260000,0.360000,0.659591,0.659593
0.260000,0.380000,0.677778,0.677778
0.260000,0.400000,0.693290,0.693290
0.260000,0.420000,0.706067,0.706065
0.260000,0.440000,0.716057,0.716055
0.260000,0.460000,0.723220,0.723219
0.260000,0.480000,0.727530,0.727529
0.260000,0.500000,0.728969,0.728968
0.260000,0.520000,0.727530,0.727530
0.260000,0.540000,0.723220,0.723222
0.260000,0.560000,0.716057,0.716059
0.260000,0.580000,0.706067,0.706069
0.260000,0.600000,0.693290,0.693293
0.260000,0.620000,0.677778,0.677780
0.260000,0.640000,0.659591,0.659593
0.260000,0.660000,0.638800,0.638801
0.260000,0.680000,0.615489,0.615488
0.260000,0.700000,0.589748,0.589746
0.260000,0.720000,0.561680,0.561676
0.260000,0.740000,0.531395,0.531389
0.260000,0.760000,0.499013,0.499005
0.260000,0.780000,0.464662,0.464652
0.260000,0.800000,0.428477,0.428465
0.260000,0.820000,0.390601,0.390587
0.260000,0.840000,0.351183,0.351167
0.260000,0.860000,0.310380,0.310362
0.260000,0.880000,0.268351,0.268331
0.260000,0.900000,0.225264,0.225240
0.260000,0.920000,0.181287,0.181260
0.260000,0.940000,0.136595,0.136563
0.260000,0.960000,0.091364,0.091324
0.260000,0.980000,0.045772,0.045723
0.260000,1.000000,0.000000,-0.000062
0.280000,0.000000,0.000000,0.000051
0.280000,0.020000,0.048381,0.048423
0.280000,0.040000,0.096571,0.096606
0.280000,0.060000,0.144380,0.144409
0.280000,0.080000,0.191619,0.191643
0.280000,0.100000,0.238102,0.238123
0.280000,0.120000,0.283645,0.283664
0.280000,0.140000,0.328069,0.328087
0.280000,0.160000,0.371198,0.371215
0.280000,0.180000,0.412862,0.412878
0.280000,0.200000,0.452896,0.452912
0.280000,0.220000,0.491144,0.491158
0.280000,0.240000,0.527453,0.527466
0.280000,0.260000,0.561680,0.561692
0.280000,0.280000,0.593691,0.593700
0.280000,0.300000,0.623358,0.623366
0.280000,0.320000,0.650566,0.650571
0.280000,0.340000,0.675206,0.675209
0.280000,0.360000,0.697181,0.697182
0.280000,0.380000,0.716405,0.716405
0.280000,0.400000,0.732802,0.732800
0.280000,0.420000,0.746306,0.746304
0.280000,0.440000,0.756865,0.756863
0.280000,0.460000,0.764438,0.764435
0.280000,0.480000,0.768993,0.768991
0.280000,0.500000,0.770513,0.770512
0.280000,0.520000,0.768993,0.768992
0.280000,0.540000,0.764438,0.764438
0.280000,0.560000,0.756865,0.756866
0.280000,0.580000,0.746306,0.746308
0.280000,0.600000,0.732802,0.732803
0.280000,0.620000,0.716405,0.716407
0.280000,0.640000,0.697181,0.697182
0.280000,0.660000,0.675206,0.675206
0.280000,0.680000,0.650566,0.650565
0.280000,0.700000,0.623358,0.623355
0.280000,0.720000,0.593691,0.593686
0.280000,0.740000,0.561680,0.561674
0.280000,0.760000,0.527453,0.527445
0.280000,0.780000,0.491144,0.491134
0.280000,0.800000,0.452896,0.452885
0.280000,0.820000,0.412862,0.412848
0.280000,0.840000,0.371198,0.371183
0.280000,0.860000,0.328069,0.328052
0.280000,0.880000,0.283645,0.283626
0.280000,0.900000,0.238102,0.238080
0.280000,0.920000,0.191619,0.191594
0.280000,0.940000,0.144380,0.144351
0.280000,0.960000,0.096571,0.096536
0.280000,0.980000,0.048381,0.048337
0.280000,1.000000,0.000000,-0.000055
0.300000,0.000000,0.000000,0.000057
0.300000,0.020000,0.050799,0.050846
0.300000,0.040000,0.101397,0.101436
0.300000,0.060000,0.151595,0.151628
0.300000,0.080000,0.201194,0.201223
0.300000,0.100000,0.250000,0.250025
0.300000,0.120000,0.297819,0.297841
0.300000,0.140000,0.344463,0.344483
0.300000,0.160000,0.389747,0.389766
0.300000,0.180000,0.433493,0.433511
0.300000,0.200000,0.475528,0.475545
0.300000,0.220000,0.515687,0.515702
0.300000,0.240000,0.553810,0.553824
0.300000,0.260000,0.589748,0.589759
0.300000,0.280000,0.623358,0.623367
0.300000,0.300000,0.654508,0.654515
0.300000,0.320000,0.683076,0.683080
0.300000,0.340000,0.708947,0.708949
0.300000,0.360000,0.732020,0.732020
0.300000,0.380000,0.752205,0.752203
0.300000,0.400000,0.769421,0.769418
0.300000,0.420000,0.783600,0.783597
0.300000,0.440000,0.794687,0.794684
0.300000,0.460000,0.802638,0.802634
0.300000,0.480000,0.807421,0.807418
0.300000,0.500000,0.809017,0.809015
0.300000,0.520000,0.807421,0.807419
0.300000,0.540000,0.802638,0.802637
0.300000,0.560000,0.794687,0.794687
0.300000,0.580000,0.783600,0.783601
0.300000,0.600000,0.769421,0.769421
0.300000,0.620000,0.752205,0.752205
0.300000,0.640000,0.732020,0.732020
0.300000,0.660000,0.708947,0.708946
0.300000,0.680000,0.683076,0.683073
0.300000,0.700000,0.654508,0.654505
0.300000,0.720000,0.623358,0.623353
0.300000,0.740000,0.589748,0.589741
0.300000,0.760000,0.553810,0.553802
0.300000,0.780000,0.515687,0.515677
0.300000,0.800000,0.475528,0.475518
0.300000,0.820000,0.433493,0.433481
0.300000,0.840000,0.389747,0.389734
0.300000,0.860000,0.344463,0.344448
0.300000,0.880000,0.297819,0.297803
0.300000,0.900000,0.250000,0.249982
0.300000,0.920000,0.201194,0.201174
0.300000,0.940000,0.151595,0.151570
0.300000,0.960000,0.101397,0.101367
0.300000,0.980000,0.050799,0.050762
0.300000,1.000000,0.000000,-0.000046
0.320000,0.000000,0.000000,0.000062
0.320000,0.020000,0.053016,0.053067
0.320000,0.040000,0.105822,0.105865
0.320000,0.060000,0.158211,0.158247
0.320000,0.080000,0.209976,0.210007
0.320000,0.100000,0.260912,0.260939
0.320000,0.120000,0.310818,0.310842
0.320000,0.140000,0.359497,0.359520
0.320000,0.160000,0.406758,0.406779
0.320000,0.180000,0.452414,0.452432
0.320000,0.200000,0.496284,0.496301
0.320000,0.220000,0.538195,0.538210
0.320000,0.240000,0.577982,0.577995
0.320000,0.260000,0.615489,0.615499
0.320000,0.280000,0.650566,0.650574
0.320000,0.300000,0.683076,0.683081
0.320000,0.320000,0.712890,0.712892
0.320000,0.340000,0.739890,0.739891
0.320000,0.360000,0.763971,0.763969
0.320000,0.380000,0.785036,0.785033
0.320000,0.400000,0.803004,0.803000
0.320000,0.420000,0.817802,0.817798
0.320000,0.440000,0.829373,0.829368
0.320000,0.460000,0.837670,0.837666
0.320000,0.480000,0.842662,0.842659
0.320000,0.500000,0.844328,0.844325
0.320000,0.520000,0.842662,0.842660
0.320000,0.540000,0.837670,0.837669
0.320000,0.560000,0.829373,0.829372
0.320000,0.580000,0.817802,0.817801
0.320000,0.600000,0.803004,0.803003
0.320000,0.620000,0.785036,0.785035
0.320000,0.640000,0.763971,0.763969
0.320000,0.660000,0.739890,0.739887
0.320000,0.680000,0.712890,0.712886
0.320000,0.700000,0.683076,0.683071
0.320000,0.720000,0.650566,0.650560
0.320000,0.740000,0.615489,0.615482
0.320000,0.760000,0.577982,0.577974
0.320000,0.780000,0.538195,0.538186
0.320000,0.800000,0.496284,0.496274
0.320000,0.820000,0.452414,0.452403
0.320000,0.840000,0.406758,0.406747
0.320000,0.860000,0.359497,0.359485
0.320000,0.880000,0.310818,0.310805
0.320000,0.900000,0.260912,0.260897
0.320000,0.920000,0.209976,0.209960
0.320000,0.940000,0.158211,0.158192
0.320000,0.960000,0.105822,0.105800
0.320000,0.980000,0.053016,0.052989
0.320000,1.000000,0.000000,-0.000034
0.340000,0.000000,0.000000,0.000064
0.340000,0.020000,0.055024,0.055077
0.340000,0.040000,0.109830,0.109875
0.340000,0.060000,0.164203,0.164241
0.340000,0.080000,0.217929,0.217961
0.340000,0.100000,0.270794,0.270822
0.340000,0.120000,0.322590,0.322615
0.340000,0.140000,0.373113,0.373136
0.340000,0.160000,0.422164,0.422185
0.340000,0.180000,0.469549,0.469568
0.340000,0.200000,0.515080,0.515097
0.340000,0.220000,0.558579,0.558593
0.340000,0.240000,0.599873,0.599885
0.340000,0.260000,0.638800,0.638809
0.340000,0.280000,0.675206,0.675212
0.340000,0.300000,0.708947,0.708951
0.340000,0.320000,0.739890,0.739891
0.340000,0.340000,0.767913,0.767912
0.340000,0.360000,0.792906,0.792903
0.340000,0.380000,0.814769,0.814765
0.340000,0.400000,0.833417,0.833413
0.340000,0.420000,0.848776,0.848771
0.340000,0.440000,0.860785,0.860780
0.340000,0.460000,0.869397,0.869392
0.340000,0.480000,0.874577,0.874574
0.340000,0.500000,0.876307,0.876303
0.340000,0.520000,0.874577,0.874575
0.340000,0.540000,0.869397,0.869395
0.340000,0.560000,0.860785,0.860783
0.340000,0.580000,0.848776,0.848774
0.340000,0.600000,0.833417,0.833415
0.340000,0.620000,0.814769,0.814767
0.340000,0.640000,0.792906,0.792903
0.340000,0.660000,0.767913,0.767909
0.340000,0.680000,0.739890,0.739885
0.340000,0.700000,0.708947,0.708942
0.340000,0.720000,0.675206,0.675200
0.340000,0.740000,0.638800,0.638793
0.340000,0.760000,0.599873,0.599866
0.340000,0.780000,0.558579,0.558571
0.340000,0.800000,0.515080,0.515072
0.340000,0.820000,0.469549,0.469540
0.340000,0.840000,0.422164,0.422155
0.340000,0.860000,0.373113,0.373104
0.340000,0.880000,0.322590,0.322581
0.340000,0.900000,0.270794,0.270784
0.340000,0.920000,0.217929,0.217918
0.340000,0.940000,0.164203,0.164191
0.340000,0.960000,0.109830,0.109816
0.340000,0.980000,0.055024,0.055007
0.340000,1.000000,0.000000,-0.000021
0.360000,0.000000,0.000000,0.000063
0.360000,0.020000,0.056815,0.056867
0.360000,0.040000,0.113405,0.113449
0.360000,0.060000,0.169548,0.169585
0.360000,0.080000,0.225021,0.225054
0.360000,0.100000,0.279607,0.279635
0.360000,0.120000,0.333089,0.333115
0.360000,0.140000,0.385257,0.385280
0.360000,0.160000,0.435904,0.435925
0.360000,0.180000,0.484831,0.484849
0.360000,0.200000,0.531844,0.531860
0.360000,0.220000,0.576758,0.576772
0.360000,0.240000,0.619397,0.619407
0.360000,0.260000,0.659591,0.659598
0.360000,0.280000,0.697181,0.697186
0.360000,0.300000,0.732020,0.732022
0.360000,0.320000,0.763971,0.763970
0.360000,0.340000,0.792906,0.792904
0.360000,0.360000,0.818712,0.818708
0.360000,0.380000,0.841287,0.841282
0.360000,0.400000,0.860542,0.860536
0.360000,0.420000,0.876400,0.876395
0.360000,0.440000,0.888800,0.888795
0.360000,0.460000,0.897692,0.897688
0.360000,0.480000,0.903042,0.903038
0.360000,0.500000,0.904827,0.904824
0.360000,0.520000,0.903042,0.903039
0.360000,0.540000,0.897692,0.897689
0.360000,0.560000,0.888800,0.888797
0.360000,0.580000,0.876400,0.876397
0.360000,0.600000,0.860542,0.860538
0.360000,0.620000,0.841287,0.841283
0.360000,0.640000,0.818712,0.818708
0.360000,0.660000,0.792906,0.792901
0.360000,0.680000,0.763971,0.763965
0.360000,0.700000,0.732020,0.732014
0.360000,0.720000,0.697181,0.697175
0.360000,0.740000,0.659591,0.659584
0.360000,0.760000,0.619397,0.619390
0.360000,0.780000,0.576758,0.576752
0.360000,0.800000,0.531844,0.531838
0.360000,0.820000,0.484831,0.484825
0.360000,0.840000,0.435904,0.435898
0.360000,0.860000,0.385257,0.385251
0.360000,0.880000,0.333089,0.333084
0.360000,0.900000,0.279607,0.279602
0.360000,0.920000,0.225021,0.225016
0.360000,0.940000,0.169548,0.169542
0.360000,0.960000,0.113405,0.113399
0.360000,0.980000,0.056815,0.056808
0.360000,1.000000,0.000000,-0.000007
0.380000,0.000000,0.000000,0.000060
0.380000,0.020000,0.058381,0.058431
0.380000,0.040000,0.116532,0.116574
0.380000,0.060000,0.174223,0.174258
0.380000,0.080000,0.231226,0.231257
0.380000,0.100000,0.287317,0.287344
0.380000,0.120000,0.342274,0.342298
0.380000,0.140000,0.395880,0.395902
0.380000,0.160000,0.447923,0.447943
0.380000,0.180000,0.498199,0.498216
0.380000,0.200000,0.546509,0.546523
0.380000,0.220000,0.592662,0.592673
0.380000,0.240000,0.636476,0.636484
0.380000,0.260000,0.677778,0.677784
0.380000,0.280000,0.716405,0.716408
0.380000,0.300000,0.752205,0.752205
0.380000,0.320000,0.785036,0.785034
0.380000,0.340000,0.814769,0.814766
0.380000,0.360000,0.841287,0.841282
0.380000,0.380000,0.864484,0.864479
0.380000,0.400000,0.884270,0.884265
0.380000,0.420000,0.900566,0.900561
0.380000,0.440000,0.913308,0.913303
0.380000,0.460000,0.922445,0.922441
0.380000,0.480000,0.927942,0.927938
0.380000,0.500000,0.929776,0.929773
0.380000,0.520000,0.927942,0.927939
0.380000,0.540000,0.922445,0.922442
0.380000,0.560000,0.913308,0.913304
0.380000,0.580000,0.900566,0.900562
0.380000,0.600000,0.884270,0.884266
0.380000,0.620000,0.864484,0.864480
0.380000,0.640000,0.841287,0.841282
0.380000,0.660000,0.814769,0.814764
0.380000,0.680000,0.785036,0.785030
0.380000,0.700000,0.752205,0.752199
0.380000,0.720000,0.716405,0.716399
0.380000,0.740000,0.677778,0.677772
0.380000,0.760000,0.636476,0.636470
0.380000,0.780000,0.592662,0.592657
0.380000,0.800000,0.546509,0.546505
0.380000,0.820000,0.498199,0.498196
0.380000,0.840000,0.447923,0.447921
0.380000,0.860000,0.395880,0.395878
0.380000,0.880000,0.342274,0.342272
0.380000,0.900000,0.287317,0.287316
0.380000,0.920000,0.231226,0.231226
0.380000,0.940000,0.174223,0.174224
0.380000,0.960000,0.116532,0.116534
0.380000,0.980000,0.058381,0.058385
0.380000,1.000000,0.000000,0.000007
0.400000,0.000000,0.000000,0.000053
0.400000,0.020000,0.059717,0.059761
0.400000,0.040000,0.119199,0.119236
0.400000,0.060000,0.178210,0.178242
0.400000,0.080000,0.236518,0.236546
0.400000,0.100000,0.293893,0.293917
0.400000,0.120000,0.350107,0.350129
0.400000,0.140000,0.404940,0.404960
0.400000,0.160000,0.458175,0.458192
0.400000,0.180000,0.509602,0.509617
0.400000,0.200000,0.559017,0.559029
0.400000,0.220000,0.606226,0.606236
0.400000,0.240000,0.651043,0.651050
0.400000,0.260000,0.693290,0.693294
0.400000,0.280000,0.732802,0.732803
0.400000,0.300000,0.769421,0.769420
0.400000,0.320000,0.803004,0.803001
0.400000,0.340000,0.833417,0.833413
0.400000,0.360000,0.860542,0.860537
0.400000,0.380000,0.884270,0.884265
0.400000,0.400000,0.904508,0.904503
0.400000,0.420000,0.921177,0.921173
0.400000,0.440000,0.934211,0.934207
0.400000,0.460000,0.943557,0.943554
0.400000,0.480000,0.949180,0.949177
0.400000,0.500000,0.951057,0.951054
0.400000,0.520000,0.949180,0.949177
0.400000,0.540000,0.943557,0.943554
0.400000,0.560000,0.934211,0.934208
0.400000,0.580000,0.921177,0.921174
0.400000,0.600000,0.904508,0.904504
0.400000,0.620000,0.884270,0.884265
0.400000,0.640000,0.860542,0.860536
0.400000,0.660000,0.833417,0.833411
0.400000,0.680000,0.803004,0.802997
0.400000,0.700000,0.769421,0.769415
0.400000,0.720000,0.732802,0.732796
0.400000,0.740000,0.693290,0.693285
0.400000,0.760000,0.651043,0.651039
0.400000,0.780000,0.606226,0.606223
0.400000,0.800000,0.559017,0.559015
0.400000,0.820000,0.509602,0.509601
0.400000,0.840000,0.458175,0.458176
0.400000,0.860000,0.404940,0.404942
0.400000,0.880000,0.350107,0.350110
0.400000,0.900000,0.293893,0.293897
0.400000,0.920000,0.236518,0.236524
0.400000,0.940000,0.178210,0.178218
0.400000,0.960000,0.119199,0.119209
0.400000,0.980000,0.059717,0.059732
0.400000,1.000000,0.000000,0.000019
0.420000,0.000000,0.000000,0.000044
0.420000,0.020000,0.060818,0.060854
0.420000,0.040000,0.121396,0.121426
0.420000,0.060000,0.181494,0.181520
0.420000,0.080000,0.240877,0.240899
0.420000,0.100000,0.299309,0.299329
0.420000,0.120000,0.356559,0.356578
0.420000,0.140000,0.412403,0.412419
0.420000,0.160000,0.466618,0.466633
0.420000,0.180000,0.518993,0.519005
0.420000,0.200000,0.569319,0.569328
0.420000,0.220000,0.617398,0.617405
0.420000,0.240000,0.663041,0.663045
0.420000,0.260000,0.706067,0.706068
0.420000,0.280000,0.746306,0.746306
0.420000,0.300000,0.783600,0.783598
0.420000,0.320000,0.817802,0.817798
0.420000,0.340000,0.848776,0.848771
0.420000,0.360000,0.876400,0.876395
0.420000,0.380000,0.900566,0.900561
0.420000,0.400000,0.921177,0.921173
0.420000,0.420000,0.938153,0.938150
0.420000,0.440000,0.951427,0.951424
0.420000,0.460000,0.960946,0.960943
0.420000,0.480000,0.966672,0.966670
0.420000,0.500000,0.968583,0.968582
0.420000,0.520000,0.966672,0.966670
0.420000,0.540000,0.960946,0.960944
0.420000,0.560000,0.951427,0.951424
0.420000,0.580000,0.938153,0.938150
0.420000,0.600000,0.921177,0.921173
0.420000,0.620000,0.900566,0.900561
0.420000,0.640000,0.876400,0.876395
0.420000,0.660000,0.848776,0.848770
0.420000,0.680000,0.817802,0.817796
0.420000,0.700000,0.783600,0.783595
0.420000,0.720000,0.746306,0.746301
0.420000,0.740000,0.706067,0.706063
0.420000,0.760000,0.663041,0.663038
0.420000,0.780000,0.617398,0.617397
0.420000,0.800000,0.569319,0.569320
0.420000,0.820000,0.518993,0.518995
0.420000,0.840000,0.466618,0.466622
0.420000,0.860000,0.412403,0.412408
0.420000,0.880000,0.356559,0.356566
0.420000,0.900000,0.299309,0.299317
0.420000,0.920000,0.240877,0.240887
0.420000,0.940000,0.181494,0.181508
0.420000,0.960000,0.121396,0.121413
0.420000,0.980000,0.060818,0.060841
0.420000,1.000000,0.000000,0.000031
0.440000,0.000000,0.000000,0.000032
0.440000,0.020000,0.061678,0.061704
0.440000,0.040000,0.123113,0.123135
0.440000,0.060000,0.184062,0.184081
0.440000,0.080000,0.244285,0.244301
0.440000,0.100000,0.303543,0.303558
0.440000,0.120000,0.361604,0.361618
0.440000,0.140000,0.418238,0.418250
0.440000,0.160000,0.473220,0.473231
0.440000,0.180000,0.526336,0.526345
0.440000,0.200000,0.577374,0.577381
0.440000,0.220000,0.626133,0.626138
0.440000,0.240000,0.672422,0.672424
0.440000,0.260000,0.716057,0.716056
0.440000,0.280000,0.756865,0.756863
0.440000,0.300000,0.794687,0.794684
0.440000,0.320000,0.829373,0.829368
0.440000,0.340000,0.860785,0.860780
0.440000,0.360000,0.888800,0.888796
0.440000,0.380000,0.913308,0.913304
0.440000,0.400000,0.934211,0.934208
0.440000,0.420000,0.951427,0.951425
0.440000,0.440000,0.964888,0.964887
0.440000,0.460000,0.974542,0.974541
0.440000,0.480000,0.980349,0.980349
0.440000,0.500000,0.982287,0.982287
0.440000,0.520000,0.980349,0.980348
0.440000,0.540000,0.974542,0.974541
0.440000,0.560000,0.964888,0.964886
0.440000,0.580000,0.951427,0.951424
0.440000,0.600000,0.934211,0.934207
0.440000,0.620000,0.913308,0.913303
0.440000,0.640000,0.888800,0.888795
0.440000,0.660000,0.860785,0.860779
0.440000,0.680000,0.829373,0.829367
0.440000,0.700000,0.794687,0.794682
0.440000,0.720000,0.756865,0.756862
0.440000,0.740000,0.716057,0.716054
0.440000,0.760000,0.672422,0.672421
0.440000,0.780000,0.626133,0.626135
0.440000,0.800000,0.577374,0.577377
0.440000,0.820000,0.526336,0.526341
0.440000,0.840000,0.473220,0.473227
0.440000,0.860000,0.418238,0.418246
0.440000,0.880000,0.361604,0.361614
0.440000,0.900000,0.303543,0.303556
0.440000,0.920000,0.244285,0.244300
0.440000,0.940000,0.184062,0.184081
0.440000,0.960000,0.123113,0.123137
0.440000,0.980000,0.061678,0.061709
0.440000,1.000000,0.000000,0.000041
0.460000,0.000000,0.000000,0.000018
0.460000,0.020000,0.062295,0.062310
0.460000,0.040000,0.124345,0.124356
0.460000,0.060000,0.185904,0.185914
0.460000,0.080000,0.246729,0.246738
0.460000,0.100000,0.306580,0.306589
0.460000,0.120000,0.365222,0.365230
0.460000,0.140000,0.422422,0.422429
0.460000,0.160000,0.477955,0.477961
0.460000,0.180000,0.531602,0.531607
0.460000,0.200000,0.583150,0.583154
0.460000,0.220000,0.632398,0.632399
0.460000,0.240000,0.679149,0.679149
0.460000,0.260000,0.723220,0.723219
0.460000,0.280000,0.764438,0.764434
0.460000,0.300000,0.802638,0.802634
0.460000,0.320000,0.837670,0.837666
0.460000,0.340000,0.869397,0.869393
0.460000,0.360000,0.897692,0.897689
0.460000,0.380000,0.922445,0.922442
0.460000,0.400000,0.943557,0.943556
0.460000,0.420000,0.960946,0.960945
0.460000,0.440000,0.974542,0.974542
0.460000,0.460000,0.984292,0.984293
0.460000,0.480000,0.990157,0.990158
0.460000,0.500000,0.992115,0.992116
0.460000,0.520000,0.990157,0.990158
0.460000,0.540000,0.984292,0.984292
0.460000,0.560000,0.974542,0.974541
0.460000,0.580000,0.960946,0.960944
0.460000,0.600000,0.943557,0.943554
0.460000,0.620000,0.922445,0.922441
0.460000,0.640000,0.897692,0.897688
0.460000,0.660000,0.869397,0.869392
0.460000,0.680000,0.837670,0.837666
0.460000,0.700000,0.802638,0.802634
0.460000,0.720000,0.764438,0.764435
0.460000,0.740000,0.723220,0.723220
0.460000,0.760000,0.679149,0.679150
0.460000,0.780000,0.632398,0.632401
0.460000,0.800000,0.583150,0.583155
0.460000,0.820000,0.531602,0.531609
0.460000,0.840000,0.477955,0.477964
0.460000,0.860000,0.422422,0.422433
0.460000,0.880000,0.365222,0.365235
0.460000,0.900000,0.306580,0.306596
0.460000,0.920000,0.246729,0.246748
0.460000,0.940000,0.185904,0.185927
0.460000,0.960000,0.124345,0.124374
0.460000,0.980000,0.062295,0.062332
0.460000,1.000000,0.000000,0.000048
0.480000,0.000000,0.000000,0.000002
0.480000,0.020000,0.062667,0.062668
0.480000,0.040000,0.125086,0.125086
0.480000,0.060000,0.187012,0.187012
0.480000,0.080000,0.248199,0.248200
0.480000,0.100000,0.308407,0.308409
0.480000,0.120000,0.367398,0.367401
0.480000,0.140000,0.424939,0.424942
0.480000,0.160000,0.480803,0.480805
0.480000,0.180000,0.534769,0.534771
0.480000,0.200000,0.586625,0.586626
0.480000,0.220000,0.636166,0.636165
0.480000,0.240000,0.683196,0.683194
0.480000,0.260000,0.727530,0.727527
0.480000,0.280000,0.768993,0.768989
0.480000,0.300000,0.807421,0.807417
0.480000,0.320000,0.842662,0.842658
0.480000,0.340000,0.874577,0.874574
0.480000,0.360000,0.903042,0.903039
0.480000,0.380000,0.927942,0.927941
0.480000,0.400000,0.949180,0.949180
0.480000,0.420000,0.966672,0.966673
0.480000,0.440000,0.980349,0.980351
0.480000,0.460000,0.990157,0.990160
0.480000,0.480000,0.996057,0.996061
0.480000,0.500000,0.998027,0.998030
0.480000,0.520000,0.996057,0.996060
0.480000,0.540000,0.990157,0.990159
0.480000,0.560000,0.980349,0.980349
0.480000,0.580000,0.966672,0.966671
0.480000,0.600000,0.949180,0.949178
0.480000,0.620000,0.927942,0.927939
0.480000,0.640000,0.903042,0.903038
0.480000,0.660000,0.874577,0.874574
0.480000,0.680000,0.842662,0.842658
0.480000,0.700000,0.807421,0.807418
0.480000,0.720000,0.768993,0.768992
0.480000,0.740000,0.727530,0.727531
0.480000,0.760000,0.683196,0.683199
0.480000,0.780000,0.636166,0.636171
0.480000,0.800000,0.586625,0.586632
0.480000,0.820000,0.534769,0.534779
0.480000,0.840000,0.480803,0.480814
0.480000,0.860000,0.424939,0.424952
0.480000,0.880000,0.367398,0.367414
0.480000,0.900000,0.308407,0.308425
0.480000,0.920000,0.248199,0.248220
0.480000,0.940000,0.187012,0.187037
0.480000,0.960000,0.125086,0.125118
0.480000,0.980000,0.062667,0.062708
0.480000,1.000000,0.000000,0.000053
0.500000,0.000000,0.000000,-0.000014
0.500000,0.020000,0.062790,0.062778
0.500000,0.040000,0.125333,0.125322
0.500000,0.060000,0.187381,0.187373
0.500000,0.080000,0.248690,0.248683
0.500000,0.100000,0.309017,0.309012
0.500000,0.120000,0.368125,0.368121
0.500000,0.140000,0.425779,0.425777
0.500000,0.160000,0.481754,0.481752
0.500000,0.180000,0.535827,0.535825
0.500000,0.200000,0.587785,0.587783
0.500000,0.220000,0.637424,0.637421
0.500000,0.240000,0.684547,0.684543
0.500000,0.260000,0.728969,0.728964
0.500000,0.280000,0.770513,0.770509
0.500000,0.300000,0.809017,0.809013
0.500000,0.320000,0.844328,0.844325
0.500000,0.340000,0.876307,0.876304
0.500000,0.360000,0.904827,0.904826
0.500000,0.380000,0.929776,0.929777
0.500000,0.400000,0.951057,0.951059
0.500000,0.420000,0.968583,0.968587
0.500000,0.440000,0.982287,0.982292
0.500000,0.460000,0.992115,0.992120
0.500000,0.480000,0.998027,0.998032
0.500000,0.500000,1.000000,1.000005
0.500000,0.520000,0.998027,0.998031
0.500000,0.540000,0.992115,0.992118
0.500000,0.560000,0.982287,0.982289
0.500000,0.580000,0.968583,0.968584
0.500000,0.600000,0.951057,0.951056
0.500000,0.620000,0.929776,0.929775
0.500000,0.640000,0.904827,0.904825
0.500000,0.660000,0.876307,0.876304
0.500000,0.680000,0.844328,0.844326
0.500000,0.700000,0.809017,0.809016
0.500000,0.720000,0.770513,0.770513
0.500000,0.740000,0.728969,0.728970
0.500000,0.760000,0.684547,0.684551
0.500000,0.780000,0.637424,0.637430
0.500000,0.800000,0.587785,0.587793
0.500000,0.820000,0.535827,0.535837
0.500000,0.840000,0.481754,0.481766
0.500000,0.860000,0.425779,0.425794
0.500000,0.880000,0.368125,0.368141
0.500000,0.900000,0.309017,0.309036
0.500000,0.920000,0.248690,0.248713
0.500000,0.940000,0.187381,0.187409
0.500000,0.960000,0.125333,0.125367
0.500000,0.980000,0.062790,0.062833
0.500000,1.000000,0.000000,0.000055
0.520000,0.000000,0.000000,-0.000030
0.520000,0.020000,0.062667,0.062641
0.520000,0.040000,0.125086,0.125064
0.520000,0.060000,0.187012,0.186993
0.520000,0.080000,0.248199,0.248185
0.520000,0.100000,0.308407,0.308396
0.520000,0.120000,0.367398,0.367389
0.520000,0.140000,0.424939,0.424932
0.520000,0.160000,0.480803,0.480797
0.520000,0.180000,0.534769,0.534764
0.520000,0.200000,0.586625,0.586620
0.520000,0.220000,0.636166,0.636161
0.520000,0.240000,0.683196,0.683191
0.520000,0.260000,0.727530,0.727525
0.520000,0.280000,0.768993,0.768988
0.520000,0.300000,0.807421,0.807417
0.520000,0.320000,0.842662,0.842659
0.520000,0.340000,0.874577,0.874576
0.520000,0.360000,0.903042,0.903042
0.520000,0.380000,0.927942,0.927944
0.520000,0.400000,0.949180,0.949183
0.520000,0.420000,0.966672,0.966677
0.520000,0.440000,0.980349,0.980355
0.520000,0.460000,0.990157,0.990163
0.520000,0.480000,0.996057,0.996064
0.520000,0.500000,0.998027,0.998033
0.520000,0.520000,0.996057,0.996063
0.520000,0.540000,0.990157,0.990161
0.520000,0.560000,0.980349,0.980352
0.520000,0.580000,0.966672,0.966673
0.520000,0.600000,0.949180,0.949180
0.520000,0.620000,0.927942,0.927941
0.520000,0.640000,0.903042,0.903040
0.520000,0.660000,0.874577,0.874576
0.520000,0.680000,0.842662,0.842661
0.520000,0.700000,0.807421,0.807420
0.520000,0.720000,0.768993,0.768994
0.520000,0.740000,0.727530,0.727533
0.520000,0.760000,0.683196,0.683201
0.520000,0.780000,0.636166,0.636173
0.520000,0.800000,0.586625,0.586634
0.520000,0.820000,0.534769,0.534781
0.520000,0.840000,0.480803,0.480816
0.520000,0.860000,0.424939,0.424954
0.520000,0.880000,0.367398,0.367416
0.520000,0.900000,0.308407,0.308427
0.520000,0.920000,0.248199,0.248222
0.520000,0.940000,0.187012,0.187039
0.520000,0.960000,0.125086,0.125120
0.520000,0.980000,0.062667,0.062709
0.520000,1.000000,0.000000,0.000054
0.540000,0.000000,0.000000,-0.000045
0.540000,0.020000,0.062295,0.062257
0.540000,0.040000,0.124345,0.124313
0.540000,0.060000,0.185904,0.185877
0.540000,0.080000,0.246729,0.246707
0.540000,0.100000,0.306580,0.306563
0.540000,0.120000,0.365222,0.365208
0.540000,0.140000,0.422422,0.422411
0.540000,0.160000,0.477955,0.477945
0.540000,0.180000,0.531602,0.531593
0.540000,0.200000,0.583150,0.583143
0.540000,0.220000,0.632398,0.632391
0.540000,0.240000,0.679149,0.679143
0.540000,0.260000,0.723220,0.723215
0.540000,0.280000,0.764438,0.764433
0.540000,0.300000,0.802638,0.802634
0.540000,0.320000,0.837670,0.837668
0.540000,0.340000,0.869397,0.869396
0.540000,0.360000,0.897692,0.897694
0.540000,0.380000,0.922445,0.922448
0.540000,0.400000,0.943557,0.943562
0.540000,0.420000,0.960946,0.960952
0.540000,0.440000,0.974542,0.974549
0.540000,0.460000,0.984292,0.984299
0.540000,0.480000,0.990157,0.990165
0.540000,0.500000,0.992115,0.992122
0.540000,0.520000,0.990157,0.990163
0.540000,0.540000,0.984292,0.984297
0.540000,0.560000,0.974542,0.974545
0.540000,0.580000,0.960946,0.960948
0.540000,0.600000,0.943557,0.943558
0.540000,0.620000,0.922445,0.922445
0.540000,0.640000,0.897692,0.897692
0.540000,0.660000,0.869397,0.869396
0.540000,0.680000,0.837670,0.837670
0.540000,0.700000,0.802638,0.802638
0.540000,0.720000,0.764438,0.764439
0.540000,0.740000,0.723220,0.723224
0.540000,0.760000,0.679149,0.679154
0.540000,0.780000,0.632398,0.632405
0.540000,0.800000,0.583150,0.583160
0.540000,0.820000,0.531602,0.531613
0.540000,0.840000,0.477955,0.477968
0.540000,0.860000,0.422422,0.422437
0.540000,0.880000,0.365222,0.365239
0.540000,0.900000,0.306580,0.306600
0.540000,0.920000,0.246729,0.246751
0.540000,0.940000,0.185904,0.185930
0.540000,0.960000,0.124345,0.124377
0.540000,0.980000,0.062295,0.062336
0.540000,1.000000,0.000000,0.000051
0.560000,0.000000,0.000000,-0.000058
0.560000,0.020000,0.061678,0.061629
0.560000,0.040000,0.123113,0.123072
0.560000,0.060000,0.184062,0.184029
0.560000,0.080000,0.244285,0.244257
0.560000,0.100000,0.303543,0.303521
0.560000,0.120000,0.361604,0.361586
0.560000,0.140000,0.418238,0.418223
0.560000,0.160000,0.473220,0.473208
0.560000,0.180000,0.526336,0.526326
0.560000,0.200000,0.577374,0.577365
0.560000,0.220000,0.626133,0.626126
0.560000,0.240000,0.672422,0.672415
0.560000,0.260000,0.716057,0.716051
0.560000,0.280000,0.756865,0.756861
0.560000,0.300000,0.794687,0.794684
0.560000,0.320000,0.829373,0.829371
0.560000,0.340000,0.860785,0.860785
0.560000,0.360000,0.888800,0.888802
0.560000,0.380000,0.913308,0.913312
0.560000,0.400000,0.934211,0.934216
0.560000,0.420000,0.951427,0.951434
0.560000,0.440000,0.964888,0.964896
0.560000,0.460000,0.974542,0.974550
0.560000,0.480000,0.980349,0.980357
0.560000,0.500000,0.982287,0.982295
0.560000,0.520000,0.980349,0.980356
0.560000,0.540000,0.974542,0.974547
0.560000,0.560000,0.964888,0.964893
0.560000,0.580000,0.951427,0.951430
0.560000,0.600000,0.934211,0.934213
0.560000,0.620000,0.913308,0.913309
0.560000,0.640000,0.888800,0.888800
0.560000,0.660000,0.860785,0.860785
0.560000,0.680000,0.829373,0.829373
0.560000,0.700000,0.794687,0.794688
0.560000,0.720000,0.756865,0.756867
0.560000,0.740000,0.716057,0.716060
0.560000,0.760000,0.672422,0.672427
0.560000,0.780000,0.626133,0.626140
0.560000,0.800000,0.577374,0.577383
0.560000,0.820000,0.526336,0.526347
0.560000,0.840000,0.473220,0.473233
0.560000,0.860000,0.418238,0.418252
0.560000,0.880000,0.361604,0.361620
0.560000,0.900000,0.303543,0.303562
0.560000,0.920000,0.244285,0.244306
0.560000,0.940000,0.184062,0.184087
0.560000,0.960000,0.123113,0.123142
0.560000,0.980000,0.061678,0.061714
0.560000,1.000000,0.000000,0.000045
0.580000,0.000000,0.000000,-0.000069
0.580000,0.020000,0.060818,0.060760
0.580000,0.040000,0.121396,0.121348
0.580000,0.060000,0.181494,0.181455
0.580000,0.080000,0.240877,0.240845
0.580000,0.100000,0.299309,0.299283
0.580000,0.120000,0.356559,0.356538
0.580000,0.140000,0.412403,0.412386
0.580000,0.160000,0.466618,0.466605
0.580000,0.180000,0.518993,0.518981
0.580000,0.200000,0.569319,0.569309
0.580000,0.220000,0.617398,0.617390
0.580000,0.240000,0.663041,0.663034
0.580000,0.260000,0.706067,0.706061
0.580000,0.280000,0.746306,0.746302
0.580000,0.300000,0.783600,0.783598
0.580000,0.320000,0.817802,0.817801
0.580000,0.340000,0.848776,0.848777
0.580000,0.360000,0.876400,0.876403
0.580000,0.380000,0.900566,0.900570
0.580000,0.400000,0.921177,0.921183
0.580000,0.420000,0.938153,0.938160
0.580000,0.440000,0.951427,0.951435
0.580000,0.460000,0.960946,0.960954
0.580000,0.480000,0.966672,0.966680
0.580000,0.500000,0.968583,0.968591
0.580000,0.520000,0.966672,0.966679
0.580000,0.540000,0.960946,0.960951
0.580000,0.560000,0.951427,0.951432
0.580000,0.580000,0.938153,0.938157
0.580000,0.600000,0.921177,0.921180
0.580000,0.620000,0.900566,0.900567
0.580000,0.640000,0.876400,0.876401
0.580000,0.660000,0.848776,0.848777
0.580000,0.680000,0.817802,0.817803
0.580000,0.700000,0.783600,0.783601
0.580000,0.720000,0.746306,0.746308
0.580000,0.740000,0.706067,0.706070
0.580000,0.760000,0.663041,0.663046
0.580000,0.780000,0.617398,0.617404
0.580000,0.800000,0.569319,0.569327
0.580000,0.820000,0.518993,0.519002
0.580000,0.840000,0.466618,0.466630
0.580000,0.860000,0.412403,0.412415
0.580000,0.880000,0.356559,0.356573
0.580000,0.900000,0.299309,0.299325
0.580000,0.920000,0.240877,0.240895
0.580000,0.940000,0.181494,0.181515
0.580000,0.960000,0.121396,0.121420
0.580000,0.980000,0.060818,0.060848
0.580000,1.000000,0.000000,0.000037
0.600000,0.000000,0.000000,-0.000077
0.600000,0.020000,0.059717,0.059654
0.600000,0.040000,0.119199,0.119147
0.600000,0.060000,0.178210,0.178168
0.600000,0.080000,0.236518,0.236484
0.600000,0.100000,0.293893,0.293865
0.600000,0.120000,0.350107,0.350085
0.600000,0.140000,0.404940,0.404922
0.600000,0.160000,0.458175,0.458160
0.600000,0.180000,0.509602,0.509589
0.600000,0.200000,0.559017,0.559007
0.600000,0.220000,0.606226,0.606218
0.600000,0.240000,0.651043,0.651036
0.600000,0.260000,0.693290,0.693285
0.600000,0.280000,0.732802,0.732798
0.600000,0.300000,0.769421,0.769419
0.600000,0.320000,0.803004,0.803003
0.600000,0.340000,0.833417,0.833418
0.600000,0.360000,0.860542,0.860544
0.600000,0.380000,0.884270,0.884274
0.600000,0.400000,0.904508,0.904514
0.600000,0.420000,0.921177,0.921183
0.600000,0.440000,0.934211,0.934218
0.600000,0.460000,0.943557,0.943564
0.600000,0.480000,0.949180,0.949187
0.600000,0.500000,0.951057,0.951063
0.600000,0.520000,0.949180,0.949186
0.600000,0.540000,0.943557,0.943563
0.600000,0.560000,0.934211,0.934215
0.600000,0.580000,0.921177,0.921181
0.600000,0.600000,0.904508,0.904511
0.600000,0.620000,0.884270,0.884272
0.600000,0.640000,0.860542,0.860543
0.600000,0.660000,0.833417,0.833418
0.600000,0.680000,0.803004,0.803004
0.600000,0.700000,0.769421,0.769422
0.600000,0.720000,0.732802,0.732804
0.600000,0.740000,0.693290,0.693293
0.600000,0.760000,0.651043,0.651047
0.600000,0.780000,0.606226,0.606231
0.600000,0.800000,0.559017,0.559023
0.600000,0.820000,0.509602,0.509609
0.600000,0.840000,0.458175,0.458184
0.600000,0.860000,0.404940,0.404951
0.600000,0.880000,0.350107,0.350119
0.600000,0.900000,0.293893,0.293906
0.600000,0.920000,0.236518,0.236533
0.600000,0.940000,0.178210,0.178227
0.600000,0.960000,0.119199,0.119218
0.600000,0.980000,0.059717,0.059740
0.600000,1.000000,0.000000,0.000027
0.620000,0.000000,0.000000,-0.000081
0.620000,0.020000,0.058381,0.058315
0.620000,0.040000,0.116532,0.116478
0.620000,0.060000,0.174223,0.174179
0.620000,0.080000,0.231226,0.231191
0.620000,0.100000,0.287317,0.287289
0.620000,0.120000,0.342274,0.342251
0.620000,0.140000,0.395880,0.395861
0.620000,0.160000,0.447923,0.447908
0.620000,0.180000,0.498199,0.498187
0.620000,0.200000,0.546509,0.546499
0.620000,0.220000,0.592662,0.592654
0.620000,0.240000,0.636476,0.636469
0.620000,0.260000,0.677778,0.677773
0.620000,0.280000,0.716405,0.716401
0.620000,0.300000,0.752205,0.752203
0.620000,0.320000,0.785036,0.785035
0.620000,0.340000,0.814769,0.814770
0.620000,0.360000,0.841287,0.841289
0.620000,0.380000,0.864484,0.864487
0.620000,0.400000,0.884270,0.884274
0.620000,0.420000,0.900566,0.900571
0.620000,0.440000,0.913308,0.913313
0.620000,0.460000,0.922445,0.922451
0.620000,0.480000,0.927942,0.927948
0.620000,0.500000,0.929776,0.929782
0.620000,0.520000,0.927942,0.927947
0.620000,0.540000,0.922445,0.922450
0.620000,0.560000,0.913308,0.913312
0.620000,0.580000,0.900566,0.900569
0.620000,0.600000,0.884270,0.884272
0.620000,0.620000,0.864484,0.864486
0.620000,0.640000,0.841287,0.841288
0.620000,0.660000,0.814769,0.814770
0.620000,0.680000,0.785036,0.785037
0.620000,0.700000,0.752205,0.752206
0.620000,0.720000,0.716405,0.716406
0.620000,0.740000,0.677778,0.677780
0.620000,0.760000,0.636476,0.636478
0.620000,0.780000,0.592662,0.592665
0.620000,0.800000,0.546509,0.546514
0.620000,0.820000,0.498199,0.498205
0.620000,0.840000,0.447923,0.447930
0.620000,0.860000,0.395880,0.395887
0.620000,0.880000,0.342274,0.342282
0.620000,0.900000,0.287317,0.287327
0.620000,0.920000,0.231226,0.231237
0.620000,0.940000,0.174223,0.174234
0.620000,0.960000,0.116532,0.116545
0.620000,0.980000,0.058381,0.058395
0.620000,1.000000,0.000000,0.000016
0.640000,0.000000,0.000000,-0.000081
0.640000,0.020000,0.056815,0.056749
0.640000,0.040000,0.113405,0.113352
0.640000,0.060000,0.169548,0.169505
0.640000,0.080000,0.225021,0.224987
0.640000,0.100000,0.279607,0.279580
0.640000,0.120000,0.333089,0.333067
0.640000,0.140000,0.385257,0.385239
0.640000,0.160000,0.435904,0.435890
0.640000,0.180000,0.484831,0.484820
0.640000,0.200000,0.531844,0.531835
0.640000,0.220000,0.576758,0.576751
0.640000,0.240000,0.619397,0.619391
0.640000,0.260000,0.659591,0.659586
0.640000,0.280000,0.697181,0.697178
0.640000,0.300000,0.732020,0.732018
0.640000,0.320000,0.763971,0.763969
0.640000,0.340000,0.792906,0.792906
0.640000,0.360000,0.818712,0.818713
0.640000,0.380000,0.841287,0.841288
0.640000,0.400000,0.860542,0.860544
0.640000,0.420000,0.876400,0.876403
0.640000,0.440000,0.888800,0.888803
0.640000,0.460000,0.897692,0.897696
0.640000,0.480000,0.903042,0.903046
0.640000,0.500000,0.904827,0.904831
0.640000,0.520000,0.903042,0.903045
0.640000,0.540000,0.897692,0.897696
0.640000,0.560000,0.888800,0.888803
0.640000,0.580000,0.876400,0.876403
0.640000,0.600000,0.860542,0.860544
0.640000,0.620000,0.841287,0.841289
0.640000,0.640000,0.818712,0.818713
0.640000,0.660000,0.792906,0.792907
0.640000,0.680000,0.763971,0.763971
0.640000,0.700000,0.732020,0.732021
0.640000,0.720000,0.697181,0.697182
0.640000,0.740000,0.659591,0.659591
0.640000,0.760000,0.619397,0.619398
0.640000,0.780000,0.576758,0.576760
0.640000,0.800000,0.531844,0.531847
0.640000,0.820000,0.484831,0.484834
0.640000,0.840000,0.435904,0.435908
0.640000,0.860000,0.385257,0.385262
0.640000,0.880000,0.333089,0.333095
0.640000,0.900000,0.279607,0.279613
0.640000,0.920000,0.225021,0.225028
0.640000,0.940000,0.169548,0.169554
0.640000,0.960000,0.113405,0.113411
0.640000,0.980000,0.056815,0.056820
0.640000,1.000000,0.000000,0.000004
0.660000,0.000000,0.000000,-0.000077
0.660000,0.020000,0.055024,0.054962
0.660000,0.040000,0.109830,0.109781
0.660000,0.060000,0.164203,0.164165
0.660000,0.080000,0.217929,0.217898
0.660000,0.100000,0.270794,0.270769
0.660000,0.120000,0.322590,0.322571
0.660000,0.140000,0.373113,0.373098
0.660000,0.160000,0.422164,0.422152
0.660000,0.180000,0.469549,0.469539
0.660000,0.200000,0.515080,0.515073
0.660000,0.220000,0.558579,0.558573
0.660000,0.240000,0.599873,0.599868
0.660000,0.260000,0.638800,0.638796
0.660000,0.280000,0.675206,0.675203
0.660000,0.300000,0.708947,0.708944
0.660000,0.320000,0.739890,0.739888
0.660000,0.340000,0.767913,0.767912
0.660000,0.360000,0.792906,0.792905
0.660000,0.380000,0.814769,0.814769
0.660000,0.400000,0.833417,0.833417
0.660000,0.420000,0.848776,0.848776
0.660000,0.440000,0.860785,0.860786
0.660000,0.460000,0.869397,0.869398
0.660000,0.480000,0.874577,0.874579
0.660000,0.500000,0.876307,0.876309
0.660000,0.520000,0.874577,0.874580
0.660000,0.540000,0.869397,0.869399
0.660000,0.560000,0.860785,0.860787
0.660000,0.580000,0.848776,0.848778
0.660000,0.600000,0.833417,0.833419
0.660000,0.620000,0.814769,0.814771
0.660000,0.640000,0.792906,0.792907
0.660000,0.660000,0.767913,0.767914
0.660000,0.680000,0.739890,0.739890
0.660000,0.700000,0.708947,0.708947
0.660000,0.720000,0.675206,0.675206
0.660000,0.740000,0.638800,0.638800
0.660000,0.760000,0.599873,0.599873
0.660000,0.780000,0.558579,0.558579
0.660000,0.800000,0.515080,0.515081
0.660000,0.820000,0.469549,0.469549
0.660000,0.840000,0.422164,0.422165
0.660000,0.860000,0.373113,0.373115
0.660000,0.880000,0.322590,0.322592
0.660000,0.900000,0.270794,0.270796
0.660000,0.920000,0.217929,0.217931
0.660000,0.940000,0.164203,0.164205
0.660000,0.960000,0.109830,0.109830
0.660000,0.980000,0.055024,0.055020
0.660000,1.000000,0.000000,-0.000008
0.680000,0.000000,0.000000,-0.000069
0.680000,0.020000,0.053016,0.052962
0.680000,0.040000,0.105822,0.105780
0.680000,0.060000,0.158211,0.158178
0.680000,0.080000,0.209976,0.209950
0.680000,0.100000,0.260912,0.260891
0.680000,0.120000,0.310818,0.310802
0.680000,0.140000,0.359497,0.359485
0.680000,0.160000,0.406758,0.406748
0.680000,0.180000,0.452414,0.452406
0.680000,0.200000,0.496284,0.496278
0.680000,0.220000,0.538195,0.538190
0.680000,0.240000,0.577982,0.577978
0.680000,0.260000,0.615489,0.615485
0.680000,0.280000,0.650566,0.650563
0.680000,0.300000,0.683076,0.683073
0.680000,0.320000,0.712890,0.712887
0.680000,0.340000,0.739890,0.739888
0.680000,0.360000,0.763971,0.763968
0.680000,0.380000,0.785036,0.785034
0.680000,0.400000,0.803004,0.803001
0.680000,0.420000,0.817802,0.817800
0.680000,0.440000,0.829373,0.829371
0.680000,0.460000,0.837670,0.837669
0.680000,0.480000,0.842662,0.842661
0.680000,0.500000,0.844328,0.844328
0.680000,0.520000,0.842662,0.842662
0.680000,0.540000,0.837670,0.837671
0.680000,0.560000,0.829373,0.829373
0.680000,0.580000,0.817802,0.817803
0.680000,0.600000,0.803004,0.803005
0.680000,0.620000,0.785036,0.785037
0.680000,0.640000,0.763971,0.763971
0.680000,0.660000,0.739890,0.739890
0.680000,0.680000,0.712890,0.712889
0.680000,0.700000,0.683076,0.683075
0.680000,0.720000,0.650566,0.650565
0.680000,0.740000,0.615489,0.615487
0.680000,0.760000,0.577982,0.577980
0.680000,0.780000,0.538195,0.538193
0.680000,0.800000,0.496284,0.496282
0.680000,0.820000,0.452414,0.452412
0.680000,0.840000,0.406758,0.406757
0.680000,0.860000,0.359497,0.359497
0.680000,0.880000,0.310818,0.310817
0.680000,0.900000,0.260912,0.260911
0.680000,0.920000,0.209976,0.209974
0.680000,0.940000,0.158211,0.158207
0.680000,0.960000,0.105822,0.105815
0.680000,0.980000,0.053016,0.053004
0.680000,1.000000,0.000000,-0.000018
0.700000,0.000000,0.000000,-0.000058
0.700000,0.020000,0.050799,0.050755
0.700000,0.040000,0.101397,0.101363
0.700000,0.060000,0.151595,0.151569
0.700000,0.080000,0.201194,0.201174
0.700000,0.100000,0.250000,0.249985
0.700000,0.120000,0.297819,0.297807
0.700000,0.140000,0.344463,0.344454
0.700000,0.160000,0.389747,0.389740
0.700000,0.180000,0.433493,0.433488
0.700000,0.200000,0.475528,0.475524
0.700000,0.220000,0.515687,0.515684
0.700000,0.240000,0.553810,0.553808
0.700000,0.260000,0.589748,0.589746
0.700000,0.280000,0.623358,0.623356
0.700000,0.300000,0.654508,0.654506
0.700000,0.320000,0.683076,0.683072
0.700000,0.340000,0.708947,0.708943
0.700000,0.360000,0.732020,0.732016
0.700000,0.380000,0.752205,0.752201
0.700000,0.400000,0.769421,0.769416
0.700000,0.420000,0.783600,0.783596
0.700000,0.440000,0.794687,0.794683
0.700000,0.460000,0.802638,0.802634
0.700000,0.480000,0.807421,0.807417
0.700000,0.500000,0.809017,0.809014
0.700000,0.520000,0.807421,0.807419
0.700000,0.540000,0.802638,0.802636
0.700000,0.560000,0.794687,0.794687
0.700000,0.580000,0.783600,0.783600
0.700000,0.600000,0.769421,0.769421
0.700000,0.620000,0.752205,0.752205
0.700000,0.640000,0.732020,0.732021
0.700000,0.660000,0.708947,0.708947
0.700000,0.680000,0.683076,0.683075
0.700000,0.700000,0.654508,0.654507
0.700000,0.720000,0.623358,0.623356
0.700000,0.740000,0.589748,0.589746
0.700000,0.760000,0.553810,0.553807
0.700000,0.780000,0.515687,0.515683
0.700000,0.800000,0.475528,0.475525
0.700000,0.820000,0.433493,0.433489
0.700000,0.840000,0.389747,0.389744
0.700000,0.860000,0.344463,0.344459
0.700000,0.880000,0.297819,0.297816
0.700000,0.900000,0.250000,0.249996
0.700000,0.920000,0.201194,0.201189
0.700000,0.940000,0.151595,0.151587
0.700000,0.960000,0.101397,0.101384
0.700000,0.980000,0.050799,0.050780
0.700000,1.000000,0.000000,-0.000028
0.720000,0.000000,0.000000,-0.000042
0.720000,0.020000,0.048381,0.048350
0.720000,0.040000,0.096571,0.096548
0.720000,0.060000,0.144380,0.144362
0.720000,0.080000,0.191619,0.191606
0.720000,0.100000,0.238102,0.238092
0.720000,0.120000,0.283645,0.283638
0.720000,0.140000,0.328069,0.328063
0.720000,0.160000,0.371198,0.371194
0.720000,0.180000,0.412862,0.412859
0.720000,0.200000,0.452896,0.452895
0.720000,0.220000,0.491144,0.491142
0.720000,0.240000,0.527453,0.527451
0.720000,0.260000,0.561680,0.561679
0.720000,0.280000,0.593691,0.593689
0.720000,0.300000,0.623358,0.623356
0.720000,0.320000,0.650566,0.650562
0.720000,0.340000,0.675206,0.675201
0.720000,0.360000,0.697181,0.697176
0.720000,0.380000,0.716405,0.716399
0.720000,0.400000,0.732802,0.732795
0.720000,0.420000,0.746306,0.746299
0.720000,0.440000,0.756865,0.756859
0.720000,0.460000,0.764438,0.764431
0.720000,0.480000,0.768993,0.768987
0.720000,0.500000,0.770513,0.770508
0.720000,0.520000,0.768993,0.768989
0.720000,0.540000,0.764438,0.764435
0.720000,0.560000,0.756865,0.756864
0.720000,0.580000,0.746306,0.746305
0.720000,0.600000,0.732802,0.732801
0.720000,0.620000,0.716405,0.716405
0.720000,0.640000,0.697181,0.697181
0.720000,0.660000,0.675206,0.675206
0.720000,0.680000,0.650566,0.650565
0.720000,0.700000,0.623358,0.623357
0.720000,0.720000,0.593691,0.593688
0.720000,0.740000,0.561680,0.561677
0.720000,0.760000,0.527453,0.527449
0.720000,0.780000,0.491144,0.491139
0.720000,0.800000,0.452896,0.452891
0.720000,0.820000,0.412862,0.412856
0.720000,0.840000,0.371198,0.371192
0.720000,0.860000,0.328069,0.328063
0.720000,0.880000,0.283645,0.283639
0.720000,0.900000,0.238102,0.238095
0.720000,0.920000,0.191619,0.191611
0.720000,0.940000,0.144380,0.144368
0.720000,0.960000,0.096571,0.096554
0.720000,0.980000,0.048381,0.048357
0.720000,1.000000,0.000000,-0.000035
0.740000,0.000000,0.000000,-0.000024
0.740000,0.020000,0.045772,0.045756
0.740000,0.040000,0.091364,0.091353
0.740000,0.060000,0.136595,0.136587
0.740000,0.080000,0.181287,0.181282
0.740000,0.100000,0.225264,0.225260
0.740000,0.120000,0.268351,0.268349
0.740000,0.140000,0.310380,0.310379
0.740000,0.160000,0.351183,0.351183
0.740000,0.180000,0.390601,0.390601
0.740000,0.200000,0.428477,0.428478
0.740000,0.220000,0.464662,0.464663
0.740000,0.240000,0.499013,0.499014
0.740000,0.260000,0.531395,0.531395
0.740000,0.280000,0.561680,0.561679
0.740000,0.300000,0.589748,0.589746
0.740000,0.320000,0.615489,0.615485
0.740000,0.340000,0.638800,0.638795
0.740000,0.360000,0.659591,0.659584
0.740000,0.380000,0.677778,0.677771
0.740000,0.400000,0.693290,0.693282
0.740000,0.420000,0.706067,0.706058
0.740000,0.440000,0.716057,0.716048
0.740000,0.460000,0.723220,0.723212
0.740000,0.480000,0.727530,0.727523
0.740000,0.500000,0.728969,0.728962
0.740000,0.520000,0.727530,0.727525
0.740000,0.540000,0.723220,0.723216
0.740000,0.560000,0.716057,0.716054
0.740000,0.580000,0.706067,0.706065
0.740000,0.600000,0.693290,0.693290
0.740000,0.620000,0.677778,0.677778
0.740000,0.640000,0.659591,0.659591
0.740000,0.660000,0.638800,0.638800
0.740000,0.680000,0.615489,0.615488
0.740000,0.700000,0.589748,0.589747
0.740000,0.720000,0.561680,0.561678
0.740000,0.740000,0.531395,0.531392
0.740000,0.760000,0.499013,0.499009
0.740000,0.780000,0.464662,0.464657
0.740000,0.800000,0.428477,0.428471
0.740000,0.820000,0.390601,0.390595
0.740000,0.840000,0.351183,0.351177
0.740000,0.860000,0.310380,0.310373
0.740000,0.880000,0.268351,0.268344
0.740000,0.900000,0.225264,0.225256
0.740000,0.920000,0.181287,0.181277
0.740000,0.940000,0.136595,0.136582
0.740000,0.960000,0.091364,0.091345
0.740000,0.980000,0.045772,0.045745
0.740000,1.000000,0.000000,-0.000039
0.760000,0.000000,0.000000,-0.000004
0.760000,0.020000,0.042983,0.042982
0.760000,0.040000,0.085796,0.085798
0.760000,0.060000,0.128271,0.128273
0.760000,0.080000,0.170240,0.170242
0.760000,0.100000,0.211537,0.211539
0.760000,0.120000,0.251999,0.252001
0.760000,0.140000,0.291466,0.291469
0.760000,0.160000,0.329783,0.329786
0.760000,0.180000,0.366799,0.366802
0.760000,0.200000,0.402367,0.402370
0.760000,0.220000,0.436347,0.436349
0.760000,0.240000,0.468605,0.468607
0.760000,0.260000,0.499013,0.499015
0.760000,0.280000,0.527453,0.527453
0.760000,0.300000,0.553810,0.553809
0.760000,0.320000,0.577982,0.577979
0.760000,0.340000,0.599873,0.599868
0.760000,0.360000,0.619397,0.619390
0.760000,0.380000,0.636476,0.636468
0.760000,0.400000,0.651043,0.651034
0.760000,0.420000,0.663041,0.663031
0.760000,0.440000,0.672422,0.672412
0.760000,0.460000,0.679149,0.679139
0.760000,0.480000,0.683196,0.683187
0.760000,0.500000,0.684547,0.684539
0.760000,0.520000,0.683196,0.683190
0.760000,0.540000,0.679149,0.679144
0.760000,0.560000,0.672422,0.672419
0.760000,0.580000,0.663041,0.663039
0.760000,0.600000,0.651043,0.651042
0.760000,0.620000,0.636476,0.636476
0.760000,0.640000,0.619397,0.619397
0.760000,0.660000,0.599873,0.599874
0.760000,0.680000,0.577982,0.577982
0.760000,0.700000,0.553810,0.553809
0.760000,0.720000,0.527453,0.527451
0.760000,0.740000,0.499013,0.499010
0.760000,0.760000,0.468605,0.468600
0.760000,0.780000,0.436347,0.436341
0.760000,0.800000,0.402367,0.402360
0.760000,0.820000,0.366799,0.366792
0.760000,0.840000,0.329783,0.329776
0.760000,0.860000,0.291466,0.291459
0.760000,0.880000,0.251999,0.251991
0.760000,0.900000,0.211537,0.211528
0.760000,0.920000,0.170240,0.170230
0.760000,0.940000,0.128271,0.128257
0.760000,0.960000,0.085796,0.085777
0.760000,0.980000,0.042983,0.042955
0.760000,1.000000,0.000000,-0.000040
0.780000,0.000000,0.000000,0.000017
0.780000,0.020000,0.040024,0.040040
0.780000,0.040000,0.079890,0.079904
0.780000,0.060000,0.119441,0.119453
0.780000,0.080000,0.158521,0.158531
0.780000,0.100000,0.196975,0.196983
0.780000,0.120000,0.234651,0.234658
0.780000,0.140000,0.271402,0.271408
0.780000,0.160000,0.307081,0.307087
0.780000,0.180000,0.341549,0.341554
0.780000,0.200000,0.374668,0.374674
0.780000,0.220000,0.406309,0.406314
0.780000,0.240000,0.436347,0.436351
0.780000,0.260000,0.464662,0.464665
0.780000,0.280000,0.491144,0.491145
0.780000,0.300000,0.515687,0.515687
0.780000,0.320000,0.538195,0.538193
0.780000,0.340000,0.558579,0.558575
0.780000,0.360000,0.576758,0.576752
0.780000,0.380000,0.592662,0.592654
0.780000,0.400000,0.606226,0.606217
0.780000,0.420000,0.617398,0.617388
0.780000,0.440000,0.626133,0.626123
0.780000,0.460000,0.632398,0.632387
0.780000,0.480000,0.636166,0.636156
0.780000,0.500000,0.637424,0.637415
0.780000,0.520000,0.636166,0.636159
0.780000,0.540000,0.632398,0.632392
0.780000,0.560000,0.626133,0.626130
0.780000,0.580000,0.617398,0.617396
0.780000,0.600000,0.606226,0.606226
0.780000,0.620000,0.592662,0.592662
0.780000,0.640000,0.576758,0.576760
0.780000,0.660000,0.558579,0.558580
0.780000,0.680000,0.538195,0.538196
0.780000,0.700000,0.515687,0.515687
0.780000,0.720000,0.491144,0.491142
0.780000,0.740000,0.464662,0.464659
0.780000,0.760000,0.436347,0.436343
0.780000,0.780000,0.406309,0.406304
0.780000,0.800000,0.374668,0.374662
0.780000,0.820000,0.341549,0.341542
0.780000,0.840000,0.307081,0.307074
0.780000,0.860000,0.271402,0.271395
0.780000,0.880000,0.234651,0.234644
0.780000,0.900000,0.196975,0.196967
0.780000,0.920000,0.158521,0.158511
0.780000,0.940000,0.119441,0.119428
0.780000,0.960000,0.079890,0.079872
0.780000,0.980000,0.040024,0.039998
0.780000,1.000000,0.000000,-0.000037
0.800000,0.000000,0.000000,0.000038
0.800000,0.020000,0.036907,0.036939
0.800000,0.040000,0.073669,0.073695
0.800000,0.060000,0.110140,0.110161
0.800000,0.080000,0.146176,0.146192
0.800000,0.100000,0.181636,0.181649
0.800000,0.120000,0.216378,0.216389
0.800000,0.140000,0.250267,0.250276
0.800000,0.160000,0.283168,0.283176
0.800000,0.180000,0.314951,0.314959
0.800000,0.200000,0.345492,0.345499
0.800000,0.220000,0.374668,0.374676
0.800000,0.240000,0.402367,0.402373
0.800000,0.260000,0.428477,0.428482
0.800000,0.280000,0.452896,0.452900
0.800000,0.300000,0.475528,0.475530
0.800000,0.320000,0.496284,0.496283
0.800000,0.340000,0.515080,0.515078
0.800000,0.360000,0.531844,0.531839
0.800000,0.380000,0.546509,0.546502
0.800000,0.400000,0.559017,0.559008
0.800000,0.420000,0.569319,0.569309
0.800000,0.440000,0.577374,0.577363
0.800000,0.460000,0.583150,0.583139
0.800000,0.480000,0.586625,0.586615
0.800000,0.500000,0.587785,0.587776
0.800000,0.520000,0.586625,0.586618
0.800000,0.540000,0.583150,0.583144
0.800000,0.560000,0.577374,0.577370
0.800000,0.580000,0.569319,0.569317
0.800000,0.600000,0.559017,0.559017
0.800000,0.620000,0.546509,0.546510
0.800000,0.640000,0.531844,0.531846
0.800000,0.660000,0.515080,0.515082
0.800000,0.680000,0.496284,0.496285
0.800000,0.700000,0.475528,0.475529
0.800000,0.720000,0.452896,0.452896
0.800000,0.740000,0.428477,0.428476
0.800000,0.760000,0.402367,0.402364
0.800000,0.780000,0.374668,0.374664
0.800000,0.800000,0.345492,0.345486
0.800000,0.820000,0.314951,0.314945
0.800000,0.840000,0.283168,0.283161
0.800000,0.860000,0.250267,0.250260
0.800000,0.880000,0.216378,0.216371
0.800000,0.900000,0.181636,0.181628
0.800000,0.920000,0.146176,0.146168
0.800000,0.940000,0.110140,0.110129
0.800000,0.960000,0.073669,0.073653
0.800000,0.980000,0.036907,0.036885
0.800000,1.000000,0.000000,-0.000031
0.820000,0.000000,0.000000,0.000059
0.820000,0.020000,0.033645,0.033691
0.820000,0.040000,0.067157,0.067193
0.820000,0.060000,0.100404,0.100432
0.820000,0.080000,0.133255,0.133276
0.820000,0.100000,0.165580,0.165596
0.820000,0.120000,0.197251,0.197264
0.820000,0.140000,0.228144,0.228155
0.820000,0.160000,0.258137,0.258147
0.820000,0.180000,0.287110,0.287120
0.820000,0.200000,0.314951,0.314961
0.820000,0.220000,0.341549,0.341558
0.820000,0.240000,0.366799,0.366808
0.820000,0.260000,0.390601,0.390609
0.820000,0.280000,0.412862,0.412868
0.820000,0.300000,0.433493,0.433498
0.820000,0.320000,0.452414,0.452416
0.820000,0.340000,0.469549,0.469548
0.820000,0.360000,0.484831,0.484828
0.820000,0.380000,0.498199,0.498194
0.820000,0.400000,0.509602,0.509594
0.820000,0.420000,0.518993,0.518983
0.820000,0.440000,0.526336,0.526325
0.820000,0.460000,0.531602,0.531591
0.820000,0.480000,0.534769,0.534759
0.820000,0.500000,0.535827,0.535817
0.820000,0.520000,0.534769,0.534761
0.820000,0.540000,0.531602,0.531596
0.820000,0.560000,0.526336,0.526332
0.820000,0.580000,0.518993,0.518991
0.820000,0.600000,0.509602,0.509602
0.820000,0.620000,0.498199,0.498201
0.820000,0.640000,0.484831,0.484834
0.820000,0.660000,0.469549,0.469552
0.820000,0.680000,0.452414,0.452417
0.820000,0.700000,0.433493,0.433496
0.820000,0.720000,0.412862,0.412863
0.820000,0.740000,0.390601,0.390601
0.820000,0.760000,0.366799,0.366797
0.820000,0.780000,0.341549,0.341546
0.820000,0.800000,0.314951,0.314947
0.820000,0.820000,0.287110,0.287105
0.820000,0.840000,0.258137,0.258131
0.820000,0.860000,0.228144,0.228138
0.820000,0.880000,0.197251,0.197245
0.820000,0.900000,0.165580,0.165574
0.820000,0.920000,0.133255,0.133248
0.820000,0.940000,0.100404,0.100396
0.820000,0.960000,0.067157,0.067146
0.820000,0.980000,0.033645,0.033629
0.820000,1.000000,0.000000,-0.000022
0.840000,0.000000,0.000000,0.000077
0.840000,0.020000,0.030250,0.030308
0.840000,0.040000,0.060380,0.060424
0.840000,0.060000,0.090272,0.090305
0.840000,0.080000,0.119807,0.119832
0.840000,0.100000,0.148870,0.148889
0.840000,0.120000,0.177345,0.177360
0.840000,0.140000,0.205121,0.205134
0.840000,0.160000,0.232087,0.232099
0.840000,0.180000,0.258137,0.258148
0.840000,0.200000,0.283168,0.283180
0.840000,0.220000,0.307081,0.307093
0.840000,0.240000,0.329783,0.329795
0.840000,0.260000,0.351183,0.351194
0.840000,0.280000,0.371198,0.371207
0.840000,0.300000,0.389747,0.389755
0.840000,0.320000,0.406758,0.406763
0.840000,0.340000,0.422164,0.422166
0.840000,0.360000,0.435904,0.435903
0.840000,0.380000,0.447923,0.447920
0.840000,0.400000,0.458175,0.458169
0.840000,0.420000,0.466618,0.466610
0.840000,0.440000,0.473220,0.473211
0.840000,0.460000,0.477955,0.477944
0.840000,0.480000,0.480803,0.480793
0.840000,0.500000,0.481754,0.481744
0.840000,0.520000,0.480803,0.480795
0.840000,0.540000,0.477955,0.477949
0.840000,0.560000,0.473220,0.473217
0.840000,0.580000,0.466618,0.466617
0.840000,0.600000,0.458175,0.458176
0.840000,0.620000,0.447923,0.447926
0.840000,0.640000,0.435904,0.435908
0.840000,0.660000,0.422164,0.422169
0.840000,0.680000,0.406758,0.406763
0.840000,0.700000,0.389747,0.389752
0.840000,0.720000,0.371198,0.371201
0.840000,0.740000,0.351183,0.351186
0.840000,0.760000,0.329783,0.329784
0.840000,0.780000,0.307081,0.307080
0.840000,0.800000,0.283168,0.283165
0.840000,0.820000,0.258137,0.258133
0.840000,0.840000,0.232087,0.232083
0.840000,0.860000,0.205121,0.205116
0.840000,0.880000,0.177345,0.177341
0.840000,0.900000,0.148870,0.148866
0.840000,0.920000,0.119807,0.119803
0.840000,0.940000,0.090272,0.090267
0.840000,0.960000,0.060380,0.060374
0.840000,0.980000,0.030250,0.030242
0.840000,1.000000,0.000000,-0.000011
0.860000,0.000000,0.000000,0.000091
0.860000,0.020000,0.026735,0.026802
0.860000,0.040000,0.053364,0.053413
0.860000,0.060000,0.079783,0.079818
0.860000,0.080000,0.105887,0.105913
0.860000,0.100000,0.131573,0.131592
0.860000,0.120000,0.156740,0.156755
0.860000,0.140000,0.181288,0.181301
0.860000,0.160000,0.205121,0.205134
0.860000,0.180000,0.228144,0.228157
0.860000,0.200000,0.250267,0.250281
0.860000,0.220000,0.271402,0.271417
0.860000,0.240000,0.291466,0.291481
0.860000,0.260000,0.310380,0.310394
0.860000,0.280000,0.328069,0.328082
0.860000,0.300000,0.344463,0.344474
0.860000,0.320000,0.359497,0.359506
0.860000,0.340000,0.373113,0.373118
0.860000,0.360000,0.385257,0.385258
0.860000,0.380000,0.395880,0.395878
0.860000,0.400000,0.404940,0.404935
0.860000,0.420000,0.412403,0.412395
0.860000,0.440000,0.418238,0.418228
0.860000,0.460000,0.422422,0.422412
0.860000,0.480000,0.424939,0.424929
0.860000,0.500000,0.425779,0.425769
0.860000,0.520000,0.424939,0.424931
0.860000,0.540000,0.422422,0.422416
0.860000,0.560000,0.418238,0.418234
0.860000,0.580000,0.412403,0.412401
0.860000,0.600000,0.404940,0.404942
0.860000,0.620000,0.395880,0.395883
0.860000,0.640000,0.385257,0.385262
0.860000,0.660000,0.373113,0.373120
0.860000,0.680000,0.359497,0.359505
0.860000,0.700000,0.344463,0.344470
0.860000,0.720000,0.328069,0.328075
0.860000,0.740000,0.310380,0.310385
0.860000,0.760000,0.291466,0.291469
0.860000,0.780000,0.271402,0.271403
0.860000,0.800000,0.250267,0.250266
0.860000,0.820000,0.228144,0.228142
0.860000,0.840000,0.205121,0.205118
0.860000,0.860000,0.181288,0.181285
0.860000,0.880000,0.156740,0.156737
0.860000,0.900000,0.131573,0.131571
0.860000,0.920000,0.105887,0.105885
0.860000,0.940000,0.079783,0.079782
0.860000,0.960000,0.053364,0.053365
0.860000,0.980000,0.026735,0.026736
0.860000,1.000000,0.000000,0.000002
0.880000,0.000000,0.000000,0.000099
0.880000,0.020000,0.023115,0.023186
0.880000,0.040000,0.046138,0.046188
0.880000,0.060000,0.068980,0.069014
0.880000,0.080000,0.091549,0.091573
0.880000,0.100000,0.113757,0.113774
0.880000,0.120000,0.135516,0.135530
0.880000,0.140000,0.156740,0.156753
0.880000,0.160000,0.177345,0.177359
0.880000,0.180000,0.197251,0.197266
0.880000,0.200000,0.216378,0.216394
0.880000,0.220000,0.234651,0.234669
0.880000,0.240000,0.251999,0.252017
0.880000,0.260000,0.268351,0.268369
0.880000,0.280000,0.283645,0.283662
0.880000,0.300000,0.297819,0.297834
0.880000,0.320000,0.310818,0.310830
0.880000,0.340000,0.322590,0.322598
0.880000,0.360000,0.333089,0.333093
0.880000,0.380000,0.342274,0.342274
0.880000,0.400000,0.350107,0.350104
0.880000,0.420000,0.356559,0.356553
0.880000,0.440000,0.361604,0.361595
0.880000,0.460000,0.365222,0.365211
0.880000,0.480000,0.367398,0.367387
0.880000,0.500000,0.368125,0.368114
0.880000,0.520000,0.367398,0.367389
0.880000,0.540000,0.365222,0.365215
0.880000,0.560000,0.361604,0.361600
0.880000,0.580000,0.356559,0.356558
0.880000,0.600000,0.350107,0.350109
0.880000,0.620000,0.342274,0.342278
0.880000,0.640000,0.333089,0.333096
0.880000,0.660000,0.322590,0.322599
0.880000,0.680000,0.310818,0.310827
0.880000,0.700000,0.297819,0.297829
0.880000,0.720000,0.283645,0.283654
0.880000,0.740000,0.268351,0.268359
0.880000,0.760000,0.251999,0.252004
0.880000,0.780000,0.234651,0.234655
0.880000,0.800000,0.216378,0.216380
0.880000,0.820000,0.197251,0.197251
0.880000,0.840000,0.177345,0.177344
0.880000,0.860000,0.156740,0.156738
0.880000,0.880000,0.135516,0.135514
0.880000,0.900000,0.113757,0.113756
0.880000,0.920000,0.091549,0.091549
0.880000,0.940000,0.068980,0.068982
0.880000,0.960000,0.046138,0.046144
0.880000,0.980000,0.023115,0.023124
0.880000,1.000000,0.000000,0.000016
0.900000,0.000000,0.000000,0.000100
0.900000,0.020000,0.019403,0.019471
0.900000,0.040000,0.038730,0.038775
0.900000,0.060000,0.057904,0.057933
0.900000,0.080000,0.076849,0.076868
0.900000,0.100000,0.095492,0.095505
0.900000,0.120000,0.113757,0.113768
0.900000,0.140000,0.131573,0.131585
0.900000,0.160000,0.148870,0.148884
0.900000,0.180000,0.165580,0.165596
0.900000,0.200000,0.181636,0.181654
0.900000,0.220000,0.196975,0.196995
0.900000,0.240000,0.211537,0.211558
0.900000,0.260000,0.225264,0.225285
0.900000,0.280000,0.238102,0.238122
0.900000,0.300000,0.250000,0.250018
0.900000,0.320000,0.260912,0.260927
0.900000,0.340000,0.270794,0.270804
0.900000,0.360000,0.279607,0.279613
0.900000,0.380000,0.287317,0.287318
0.900000,0.400000,0.293893,0.293890
0.900000,0.420000,0.299309,0.299302
0.900000,0.440000,0.303543,0.303534
0.900000,0.460000,0.306580,0.306568
0.900000,0.480000,0.308407,0.308394
0.900000,0.500000,0.309017,0.309005
0.900000,0.520000,0.308407,0.308396
0.900000,0.540000,0.306580,0.306572
0.900000,0.560000,0.303543,0.303538
0.900000,0.580000,0.299309,0.299307
0.900000,0.600000,0.293893,0.293894
0.900000,0.620000,0.287317,0.287322
0.900000,0.640000,0.279607,0.279615
0.900000,0.660000,0.270794,0.270804
0.900000,0.680000,0.260912,0.260924
0.900000,0.700000,0.250000,0.250013
0.900000,0.720000,0.238102,0.238114
0.900000,0.740000,0.225264,0.225275
0.900000,0.760000,0.211537,0.211546
0.900000,0.780000,0.196975,0.196981
0.900000,0.800000,0.181636,0.181640
0.900000,0.820000,0.165580,0.165581
0.900000,0.840000,0.148870,0.148870
0.900000,0.860000,0.131573,0.131571
0.900000,0.880000,0.113757,0.113755
0.900000,0.900000,0.095492,0.095490
0.900000,0.920000,0.076849,0.076850
0.900000,0.940000,0.057904,0.057908
0.900000,0.960000,0.038730,0.038740
0.900000,0.980000,0.019403,0.019420
0.900000,1.000000,0.000000,0.000028
0.920000,0.000000,0.000000,0.000091
0.920000,0.020000,0.015615,0.015672
0.920000,0.040000,0.031169,0.031202
0.920000,0.060000,0.046600,0.046618
0.920000,0.080000,0.061847,0.061857
0.920000,0.100000,0.076849,0.076857
0.920000,0.120000,0.091549,0.091556
0.920000,0.140000,0.105887,0.105897
0.920000,0.160000,0.119807,0.119821
0.920000,0.180000,0.133255,0.133273
0.920000,0.200000,0.146176,0.146198
0.920000,0.220000,0.158521,0.158545
0.920000,0.240000,0.170240,0.170266
0.920000,0.260000,0.181287,0.181313
0.920000,0.280000,0.191619,0.191643
0.920000,0.300000,0.201194,0.201216
0.920000,0.320000,0.209976,0.209993
0.920000,0.340000,0.217929,0.217941
0.920000,0.360000,0.225021,0.225028
0.920000,0.380000,0.231226,0.231228
0.920000,0.400000,0.236518,0.236514
0.920000,0.420000,0.240877,0.240868
0.920000,0.440000,0.244285,0.244273
0.920000,0.460000,0.246729,0.246714
0.920000,0.480000,0.248199,0.248183
0.920000,0.500000,0.248690,0.248674
0.920000,0.520000,0.248199,0.248185
0.920000,0.540000,0.246729,0.246718
0.920000,0.560000,0.244285,0.244278
0.920000,0.580000,0.240877,0.240874
0.920000,0.600000,0.236518,0.236520
0.920000,0.620000,0.231226,0.231232
0.920000,0.640000,0.225021,0.225031
0.920000,0.660000,0.217929,0.217942
0.920000,0.680000,0.209976,0.209991
0.920000,0.700000,0.201194,0.201210
0.920000,0.720000,0.191619,0.191635
0.920000,0.740000,0.181287,0.181302
0.920000,0.760000,0.170240,0.170252
0.920000,0.780000,0.158521,0.158530
0.920000,0.800000,0.146176,0.146182
0.920000,0.820000,0.133255,0.133258
0.920000,0.840000,0.119807,0.119807
0.920000,0.860000,0.105887,0.105885
0.920000,0.880000,0.091549,0.091545
0.920000,0.900000,0.076849,0.076846
0.920000,0.920000,0.061847,0.061846
0.920000,0.940000,0.046600,0.046603
0.920000,0.960000,0.031169,0.031180
0.920000,0.980000,0.015615,0.015636
0.920000,1.000000,0.000000,0.000036
0.940000,0.000000,0.000000,0.000070
0.940000,0.020000,0.011766,0.011801
0.940000,0.040000,0.023485,0.023499
0.940000,0.060000,0.035112,0.035114
0.940000,0.080000,0.046600,0.046598
0.940000,0.100000,0.057904,0.057902
0.940000,0.120000,0.068980,0.068982
0.940000,0.140000,0.079783,0.079791
0.940000,0.160000,0.090272,0.090286
0.940000,0.180000,0.100404,0.100425
0.940000,0.200000,0.110140,0.110166
0.940000,0.220000,0.119441,0.119471
0.940000,0.240000,0.128271,0.128302
0.940000,0.260000,0.136595,0.136626
0.940000,0.280000,0.144380,0.144409
0.940000,0.300000,0.151595,0.151620
0.940000,0.320000,0.158211,0.158231
0.940000,0.340000,0.164203,0.164217
0.940000,0.360000,0.169548,0.169555
0.940000,0.380000,0.174223,0.174223
0.940000,0.400000,0.178210,0.178204
0.940000,0.420000,0.181494,0.181482
0.940000,0.440000,0.184062,0.184046
0.940000,0.460000,0.185904,0.185884
0.940000,0.480000,0.187012,0.186991
0.940000,0.500000,0.187381,0.187361
0.940000,0.520000,0.187012,0.186993
0.940000,0.540000,0.185904,0.185889
0.940000,0.560000,0.184062,0.184052
0.940000,0.580000,0.181494,0.181489
0.940000,0.600000,0.178210,0.178211
0.940000,0.620000,0.174223,0.174229
0.940000,0.640000,0.169548,0.169559
0.940000,0.660000,0.164203,0.164219
0.940000,0.680000,0.158211,0.158230
0.940000,0.700000,0.151595,0.151615
0.940000,0.720000,0.144380,0.144400
0.940000,0.740000,0.136595,0.136614
0.940000,0.760000,0.128271,0.128288
0.940000,0.780000,0.119441,0.119454
0.940000,0.800000,0.110140,0.110148
0.940000,0.820000,0.100404,0.100408
0.940000,0.840000,0.090272,0.090271
0.940000,0.860000,0.079783,0.079779
0.940000,0.880000,0.068980,0.068973
0.940000,0.900000,0.057904,0.057897
0.940000,0.920000,0.046600,0.046595
0.940000,0.940000,0.035112,0.035111
0.940000,0.960000,0.023485,0.023493
0.940000,0.980000,0.011766,0.011786
0.940000,1.000000,0.000000,0.000040
0.960000,0.000000,0.000000,0.000033
0.960000,0.020000,0.007870,0.007871
0.960000,0.040000,0.015708,0.015693
0.960000,0.060000,0.023485,0.023464
0.960000,0.080000,0.031169,0.031150
0.960000,0.100000,0.038730,0.038717
0.960000,0.120000,0.046138,0.046135
0.960000,0.140000,0.053364,0.053371
0.960000,0.160000,0.060380,0.060396
0.960000,0.180000,0.067157,0.067182
0.960000,0.200000,0.073669,0.073701
0.960000,0.220000,0.079890,0.079926
0.960000,0.240000,0.085796,0.085834
0.960000,0.260000,0.091364,0.091401
0.960000,0.280000,0.096571,0.096605
0.960000,0.300000,0.101397,0.101425
0.960000,0.320000,0.105822,0.105844
0.960000,0.340000,0.109830,0.109844
0.960000,0.360000,0.113405,0.113410
0.960000,0.380000,0.116532,0.116529
0.960000,0.400000,0.119199,0.119188
0.960000,0.420000,0.121396,0.121378
0.960000,0.440000,0.123113,0.123090
0.960000,0.460000,0.124345,0.124319
0.960000,0.480000,0.125086,0.125058
0.960000,0.500000,0.125333,0.125306
0.960000,0.520000,0.125086,0.125062
0.960000,0.540000,0.124345,0.124325
0.960000,0.560000,0.123113,0.123099
0.960000,0.580000,0.121396,0.121388
0.960000,0.600000,0.119199,0.119199
0.960000,0.620000,0.116532,0.116539
0.960000,0.640000,0.113405,0.113418
0.960000,0.660000,0.109830,0.109849
0.960000,0.680000,0.105822,0.105845
0.960000,0.700000,0.101397,0.101422
0.960000,0.720000,0.096571,0.096596
0.960000,0.740000,0.091364,0.091388
0.960000,0.760000,0.085796,0.085817
0.960000,0.780000,0.079890,0.079907
0.960000,0.800000,0.073669,0.073680
0.960000,0.820000,0.067157,0.067162
0.960000,0.840000,0.060380,0.060378
0.960000,0.860000,0.053364,0.053357
0.960000,0.880000,0.046138,0.046127
0.960000,0.900000,0.038730,0.038717
0.960000,0.920000,0.031169,0.031156
0.960000,0.940000,0.023485,0.023476
0.960000,0.960000,0.015708,0.015708
0.960000,0.980000,0.007870,0.007884
0.960000,1.000000,0.000000,0.000036
0.980000,0.000000,0.000000,-0.000021
0.980000,0.020000,0.003943,0.003897
0.980000,0.040000,0.007870,0.007815
0.980000,0.060000,0.011766,0.011715
0.980000,0.080000,0.015615,0.015575
0.980000,0.100000,0.019403,0.019377
0.980000,0.120000,0.023115,0.023105
0.980000,0.140000,0.026735,0.026741
0.980000,0.160000,0.030250,0.030270
0.980000,0.180000,0.033645,0.033677
0.980000,0.200000,0.036907,0.036948
0.980000,0.220000,0.040024,0.040069
0.980000,0.240000,0.042983,0.043030
0.980000,0.260000,0.045772,0.045817
0.980000,0.280000,0.048381,0.048421
0.980000,0.300000,0.050799,0.050831
0.980000,0.320000,0.053016,0.053039
0.980000,0.340000,0.055024,0.055037
0.980000,0.360000,0.056815,0.056817
0.980000,0.380000,0.058381,0.058373
0.980000,0.400000,0.059717,0.059700
0.980000,0.420000,0.060818,0.060792
0.980000,0.440000,0.061678,0.061646
0.980000,0.460000,0.062295,0.062260
0.980000,0.480000,0.062667,0.062630
0.980000,0.500000,0.062790,0.062755
0.980000,0.520000,0.062667,0.062634
0.980000,0.540000,0.062295,0.062269
0.980000,0.560000,0.061678,0.061659
0.980000,0.580000,0.060818,0.060807
0.980000,0.600000,0.059717,0.059716
0.980000,0.620000,0.058381,0.058389
0.980000,0.640000,0.056815,0.056830
0.980000,0.660000,0.055024,0.055047
0.980000,0.680000,0.053016,0.053044
0.980000,0.700000,0.050799,0.050830
0.980000,0.720000,0.048381,0.048413
0.980000,0.740000,0.045772,0.045803
0.980000,0.760000,0.042983,0.043010
0.980000,0.780000,0.040024,0.040045
0.980000,0.800000,0.036907,0.036921
0.980000,0.820000,0.033645,0.033650
0.980000,0.840000,0.030250,0.030246
0.980000,0.860000,0.026735,0.026724
0.980000,0.880000,0.023115,0.023097
0.980000,0.900000,0.019403,0.019380
0.980000,0.920000,0.015615,0.015591
0.980000,0.940000,0.011766,0.011743
0.980000,0.960000,0.007870,0.007855
0.980000,0.980000,0.003943,0.003942
0.980000,1.000000,0.000000,0.000022
1.000000,0.000000,0.000000,-0.000098
1.000000,0.020000,0.000000,-0.000111
1.000000,0.040000,0.000000,-0.000106
1.000000,0.060000,0.000000,-0.000090
1.000000,0.080000,0.000000,-0.000067
1.000000,0.100000,0.000000,-0.000041
1.000000,0.120000,0.000000,-0.000016
1.000000,0.140000,0.000000,0.000008
1.000000,0.160000,0.000000,0.000028
1.000000,0.180000,0.000000,0.000043
1.000000,0.200000,0.000000,0.000053
1.000000,0.220000,0.000000,0.000059
1.000000,0.240000,0.000000,0.000059
1.000000,0.260000,0.000000,0.000055
1.000000,0.280000,0.000000,0.000048
1.000000,0.300000,0.000000,0.000038
1.000000,0.320000,0.000000,0.000026
1.000000,0.340000,0.000000,0.000012
1.000000,0.360000,0.000000,-0.000002
1.000000,0.380000,0.000000,-0.000015
1.000000,0.400000,0.000000,-0.000026
1.000000,0.420000,0.000000,-0.000036
1.000000,0.440000,0.000000,-0.000043
1.000000,0.460000,0.000000,-0.000047
1.000000,0.480000,0.000000,-0.000049
1.000000,0.500000,0.000000,-0.000047
1.000000,0.520000,0.000000,-0.000042
1.000000,0.540000,0.000000,-0.000034
1.000000,0.560000,0.000000,-0.000025
1.000000,0.580000,0.000000,-0.000014
1.000000,0.600000,0.000000,-0.000002
1.000000,0.620000,0.000000,0.000009
1.000000,0.640000,0.000000,0.000020
1.000000,0.660000,0.000000,0.000028
1.000000,0.680000,0.000000,0.000035
1.000000,0.700000,0.000000,0.000039
1.000000,0.720000,0.000000,0.000041
1.000000,0.740000,0.000000,0.000039
1.000000,0.760000,0.000000,0.000034
1.000000,0.780000,0.000000,0.000027
1.000000,0.800000,0.000000,0.000018
1.000000,0.820000,0.000000,0.000007
1.000000,0.840000,0.000000,-0.000005
1.000000,0.860000,0.000000,-0.000016
1.000000,0.880000,0.000000,-0.000027
1.000000,0.900000,0.000000,-0.000035
1.000000,0.920000,0.000000,-0.000041
1.000000,0.940000,0.000000,-0.000042
1.000000,0.960000,0.000000,-0.000037
1.000000,0.980000,0.000000,-0.000024
1.000000,1.000000,0.000000,-0.000002
